1651453771;869170034041195;7.17;8.5;53.248835;-9.200113
1651453798;869170034041195;9.42;13.17;53.248837;-9.200122
1651453810;869170034041195;7.33;9.17;53.248837;-9.200122
1651453821;869170034041195;6.0;8.67;53.248837;-9.200122
1651453833;869170034041195;6.17;7.5;53.248837;-9.200122
1651453844;869170034041195;7.5;8.33;53.248837;-9.200122
1651453873;869170034041195;8.83;8.83;53.248837;-9.200123
1651453884;869170034041195;8.83;8.83;53.248837;-9.200123
1651453896;869170034041195;8.67;9.42;53.248837;-9.200123
1651453907;869170034041195;5.25;5.67;53.248837;-9.200123
1651453919;869170034041195;5.83;5.83;53.248837;-9.200123
1651453948;869170034041195;9.17;10.08;53.248837;-9.200123
1651453959;869170034041195;7.5;9.5;53.248837;-9.200123
1651453971;869170034041195;8.0;9.0;53.248837;-9.200123
1651453982;869170034041195;7.67;7.67;53.248837;-9.200123
1651453994;869170034041195;8.5;9.33;53.248837;-9.200123
1651454023;869170034041195;8.15;9.23;53.248837;-9.200125
1651454034;869170034041195;6.17;8.17;53.248837;-9.200125
1651454046;869170034041195;4.58;9.25;53.248837;-9.200125
1651454057;869170034041195;3.83;6.83;53.248835;-9.200125
1651454069;869170034041195;7.58;7.58;53.248835;-9.200125
1651454098;869170034041195;7.33;10.33;53.248835;-9.200125
1651454109;869170034041195;5.92;7.58;53.248835;-9.200125
1651454121;869170034041195;8.17;9.58;53.248835;-9.200125
1651454132;869170034041195;8.67;9.33;53.248835;-9.200125
1651454361;869170034041195;5.67;8.33;53.247225;-9.182232
1651454373;869170034041195;6.5;6.58;53.247657;-9.178923
1651454384;869170034041195;5.25;5.25;53.24776;-9.175618
1651454396;869170034041195;9.42;10.67;53.247848;-9.171772
1651454407;869170034041195;10.75;11.58;53.248078;-9.168027
1651454437;869170034041195;9.58;13.08;53.250137;-9.159317
1651454449;869170034041195;10.33;11.92;53.250602;-9.155785
1651454460;869170034041195;8.83;9.67;53.250985;-9.153343
1651454471;869170034041195;6.83;7.33;53.251435;-9.150452
1651454483;869170034041195;8.0;10.67;53.251875;-9.147138
1651454513;869170034041195;8.5;11.33;53.252747;-9.139247
1651454524;869170034041195;8.5;10.58;53.253502;-9.13645
1651454535;869170034041195;6.67;6.67;53.254785;-9.134348
1651454547;869170034041195;8.0;9.42;53.256517;-9.133
1651454558;869170034041195;9.17;12.83;53.258087;-9.132113
1651454587;869170034041195;6.38;7.31;53.260122;-9.124538
1651454599;869170034041195;7.33;8.75;53.260105;-9.12083
1651454611;869170034041195;7.17;8.25;53.260215;-9.117483
1651454622;869170034041195;5.5;5.83;53.260532;-9.114347
1651454634;869170034041195;7.83;9.33;53.26077;-9.110867
1651454668;869170034041195;11.17;18.5;53.258947;-9.106668
1651454680;869170034041195;12.42;18.67;53.258513;-9.103853
1651454691;869170034041195;8.75;12.58;53.258228;-9.10091
1651454703;869170034041195;5.58;7.75;53.258365;-9.097372
1651454714;869170034041195;7.25;9.25;53.25792;-9.094732
1651454744;869170034041195;5.75;6.58;53.257505;-9.08921
1651454755;869170034041195;6.0;7.92;53.257773;-9.086632
1651454767;869170034041195;6.92;10.25;53.258215;-9.08378
1651454778;869170034041195;7.17;8.75;53.258292;-9.081135
1651454790;869170034041195;7.17;7.17;53.258533;-9.078618
1651454819;869170034041195;8.69;9.54;53.259478;-9.074112
1651454831;869170034041195;9.33;11.17;53.260812;-9.0722
1651454842;869170034041195;9.08;11.42;53.26242;-9.070548
1651454854;869170034041195;7.5;7.83;53.263537;-9.069315
1651454865;869170034041195;5.42;5.42;53.263355;-9.067877
1651454895;869170034041195;8.25;8.25;53.263175;-9.062947
1651454907;869170034041195;6.08;6.08;53.263342;-9.060482
1651454918;869170034041195;4.83;5.5;53.263203;-9.059127
1651454930;869170034041195;6.67;10.83;53.263782;-9.05687
1651454941;869170034041195;8.67;12.83;53.2648;-9.055772
1651454971;869170034041195;8.5;10.33;53.267877;-9.054732
1651454982;869170034041195;8.25;10.75;53.26874;-9.055593
1651454994;869170034041195;10.25;13.25;53.269615;-9.056545
1651455006;869170034041195;12.58;14.92;53.270088;-9.055718
1651455017;869170034041195;13.58;17.67;53.27052;-9.054532
1651455046;869170034041195;10.54;11.85;53.270998;-9.051867
1651455058;869170034041195;11.58;12.25;53.271855;-9.050623
1651455069;869170034041195;7.75;10.25;53.272667;-9.049603
1651455081;869170034041195;9.17;11.83;53.272558;-9.049193
1651455092;869170034041195;10.08;10.25;53.272022;-9.04922
1651455121;869170034041195;10.0;15.75;53.27092;-9.046427
1651455133;869170034041195;12.0;14.17;53.272078;-9.044647
1651455145;869170034041195;15.5;16.42;53.2737;-9.042795
1651455156;869170034041195;9.83;11.5;53.275292;-9.041083
1651455168;869170034041195;8.33;12.17;53.277027;-9.039188
1651455197;869170034041195;4.92;7.58;53.280357;-9.035418
1651455209;869170034041195;5.08;8.08;53.280365;-9.035422
1651455220;869170034041195;6.92;8.0;53.280857;-9.034995
1651455232;869170034041195;8.33;9.17;53.281825;-9.034157
1651455244;869170034041195;7.08;7.08;53.281987;-9.033988
1651455274;869170034041195;9.77;11.15;53.282792;-9.032465
1651455286;869170034041195;8.5;8.5;53.283262;-9.029585
1651455297;869170034041195;6.67;6.67;53.28426;-9.026935
1651455309;869170034041195;6.83;6.83;53.285703;-9.024527
1651455320;869170034041195;4.5;5.0;53.286635;-9.022152
1651455351;869170034041195;5.33;5.33;53.288988;-9.015137
1651455362;869170034041195;10.91;13.18;53.288882;-9.013848
1651455373;869170034041195;10.83;13.33;53.28815;-9.012917
1651455385;869170034041195;8.0;9.92;53.288007;-9.012488
1651455396;869170034041195;7.5;7.5;53.288393;-9.01253
1651455425;869170034041195;6.75;7.75;53.288832;-9.011713
1651455437;869170034041195;8.5;8.5;53.28939;-9.008912
1651455448;869170034041195;7.92;7.92;53.2901;-9.005322
1651455460;869170034041195;12.17;14.08;53.291017;-9.000707
1651455472;869170034041195;14.42;16.33;53.291977;-8.995658
1651455502;869170034041195;9.17;11.5;53.291387;-8.985302
1651455514;869170034041195;8.83;10.75;53.289308;-8.983157
1651455525;869170034041195;7.0;9.83;53.287303;-8.981052
1651455537;869170034041195;5.92;7.58;53.28602;-8.978997
1651455548;869170034041195;9.75;12.58;53.286655;-8.976335
1651455578;869170034041195;13.08;17.08;53.29035;-8.965513
1651455589;869170034041195;9.42;11.42;53.291977;-8.960662
1651455600;869170034041195;9.5;12.58;53.293278;-8.955642
1651455612;869170034041195;9.17;12.67;53.294315;-8.9499
1651455623;869170034041195;8.25;10.17;53.2949;-8.944395
1651455652;869170034041195;9.33;9.67;53.295262;-8.929393
1651455664;869170034041195;10.83;12.33;53.295372;-8.923348
1651455675;869170034041195;9.33;9.67;53.295463;-8.917717
1651455687;869170034041195;7.17;7.17;53.295745;-8.91164
1651455698;869170034041195;8.0;8.83;53.296267;-8.90612
1651455727;869170034041195;14.33;16.17;53.298663;-8.89193
1651455739;869170034041195;15.33;19.08;53.299412;-8.885955
1651455750;869170034041195;15.67;16.25;53.299737;-8.88035
1651455762;869170034041195;14.33;14.33;53.300008;-8.87414
1651455773;869170034041195;13.92;14.5;53.30023;-8.868428
1651455802;869170034041195;13.67;13.67;53.300058;-8.853627
1651455814;869170034041195;14.75;15.75;53.299675;-8.847548
1651455825;869170034041195;15.0;15.5;53.299312;-8.841948
1651455837;869170034041195;17.33;18.42;53.298893;-8.835825
1651455848;869170034041195;19.17;21.17;53.298508;-8.830212
1651455877;869170034041195;18.58;20.0;53.297665;-8.815465
1651455889;869170034041195;23.17;23.17;53.29743;-8.809337
1651455900;869170034041195;18.83;18.83;53.29728;-8.803692
1651455912;869170034041195;20.0;20.08;53.297018;-8.797555
1651455923;869170034041195;20.33;21.5;53.296447;-8.792045
1651455952;869170034041195;15.33;17.5;53.293753;-8.778115
1651455964;869170034041195;18.42;19.58;53.292087;-8.77252
1651455975;869170034041195;18.75;20.5;53.290467;-8.767718
1651455987;869170034041195;19.5;20.0;53.288443;-8.762877
1651455998;869170034041195;19.33;19.33;53.286208;-8.758575
1651456028;869170034041195;18.0;18.46;53.281662;-8.745195
1651456039;869170034041195;16.92;18.75;53.280778;-8.739683
1651456051;869170034041195;16.58;16.83;53.27956;-8.733658
1651456063;869170034041195;22.0;22.17;53.278132;-8.727813
1651456074;869170034041195;22.0;23.25;53.276932;-8.722393
1651456110;869170034041195;16.33;19.5;53.274523;-8.703777
1651456122;869170034041195;16.08;18.08;53.273928;-8.69747
1651456133;869170034041195;14.08;16.17;53.27347;-8.691572
1651456145;869170034041195;14.58;15.83;53.27294;-8.685087
1651456157;869170034041195;16.5;17.5;53.272073;-8.678842
1651456186;869170034041195;13.58;15.25;53.270012;-8.664127
1651456198;869170034041195;15.92;20.08;53.269947;-8.657812
1651456209;869170034041195;16.42;17.17;53.269713;-8.652093
1651456221;869170034041195;17.58;20.25;53.268967;-8.646042
1651456233;869170034041195;16.25;17.33;53.26773;-8.640235
1651456262;869170034041195;13.75;14.75;53.265293;-8.625837
1651456273;869170034041195;14.17;16.75;53.264958;-8.620345
1651456284;869170034041195;14.17;18.5;53.26493;-8.614922
1651456296;869170034041195;13.0;15.58;53.265238;-8.608965
1651456307;869170034041195;14.08;15.17;53.265602;-8.603463
1651456336;869170034041195;22.83;22.83;53.267203;-8.589167
1651456347;869170034041195;23.33;23.42;53.268445;-8.583818
1651456359;869170034041195;19.25;20.42;53.270215;-8.578227
1651456371;869170034041195;16.67;16.92;53.271838;-8.572508
1651456382;869170034041195;19.33;22.17;53.273047;-8.567095
1651456412;869170034041195;17.54;17.85;53.276152;-8.552262
1651456424;869170034041195;19.25;22.25;53.276928;-8.54594
1651456436;869170034041195;22.83;26.42;53.277387;-8.539547
1651456447;869170034041195;20.0;25.25;53.27768;-8.53381
1651456459;869170034041195;21.08;27.42;53.278338;-8.527752
1651456488;869170034041195;21.33;21.33;53.28146;-8.514233
1651456499;869170034041195;17.92;18.17;53.282533;-8.50909
1651456511;869170034041195;18.58;18.92;53.283327;-8.503058
1651456522;869170034041195;19.33;19.75;53.283678;-8.497242
1651456534;869170034041195;19.25;21.0;53.283947;-8.490837
1651456563;869170034041195;18.92;19.69;53.285342;-8.475653
1651456575;869170034041195;19.83;22.67;53.285518;-8.469448
1651456587;869170034041195;25.5;31.25;53.285273;-8.46336
1651456598;869170034041195;21.0;22.58;53.284695;-8.457962
1651456610;869170034041195;23.75;23.75;53.283682;-8.45224
1651456642;869170034041195;21.17;22.83;53.281605;-8.436442
1651456654;869170034041195;21.92;21.92;53.281363;-8.43033
1651456666;869170034041195;22.33;23.92;53.281413;-8.424327
1651456677;869170034041195;18.0;18.67;53.281668;-8.419483
1651456689;869170034041195;14.67;14.92;53.282257;-8.415178
1651456724;869170034041195;18.92;20.0;53.28267;-8.411833
1651456736;869170034041195;20.67;24.25;53.283048;-8.408463
1651456748;869170034041195;19.83;22.58;53.283797;-8.40405
1651456760;869170034041195;21.92;21.92;53.284972;-8.39911
1651456771;869170034041195;21.92;21.92;53.286515;-8.394353
1651456802;869170034041195;22.0;26.08;53.29049;-8.379483
1651456813;869170034041195;22.08;28.0;53.291225;-8.373792
1651456825;869170034041195;23.67;28.58;53.291933;-8.367452
1651456837;869170034041195;19.0;24.17;53.292667;-8.361147
1651456848;869170034041195;18.42;20.08;53.2938;-8.355637
1651456881;869170034041195;22.17;22.17;53.300517;-8.341978
1651456892;869170034041195;23.0;23.0;53.302772;-8.337342
1651456903;869170034041195;21.17;23.08;53.304678;-8.33227
1651456915;869170034041195;17.5;20.5;53.306313;-8.326382
1651456926;869170034041195;16.5;18.17;53.307407;-8.320775
1651456985;869170034041195;19.75;21.67;53.306652;-8.290248
1651456997;869170034041195;20.67;25.17;53.306657;-8.284247
1651457008;869170034041195;21.5;23.25;53.3075;-8.27891
1651457020;869170034041195;19.17;23.0;53.309117;-8.273707
1651457031;869170034041195;14.42;15.25;53.310358;-8.269005
1651457061;869170034041195;22.58;22.92;53.312987;-8.25431
1651457072;869170034041195;20.67;22.58;53.314537;-8.249123
1651457084;869170034041195;21.67;24.92;53.315865;-8.243087
1651457096;869170034041195;18.58;26.33;53.316468;-8.23658
1651457107;869170034041195;19.0;20.33;53.316498;-8.230398
1651457136;869170034041195;27.42;29.0;53.315773;-8.214222
1651457147;869170034041195;18.17;18.75;53.314943;-8.20845
1651457159;869170034041195;19.83;20.92;53.313798;-8.202372
1651457171;869170034041195;21.33;25.33;53.31302;-8.196102
1651457182;869170034041195;16.17;23.17;53.312752;-8.19038
1651457216;869170034041195;18.33;18.42;53.314428;-8.173185
1651457228;869170034041195;18.42;20.83;53.315528;-8.167565
1651457239;869170034041195;19.5;21.0;53.316745;-8.162573
1651457251;869170034041195;18.08;18.58;53.318315;-8.157432
1651457263;869170034041195;19.33;20.75;53.320178;-8.152455
1651457291;869170034041195;14.5;17.83;53.324618;-8.141437
1651457303;869170034041195;12.75;12.75;53.32625;-8.136577
1651457315;869170034041195;13.75;15.25;53.327542;-8.131632
1651457326;869170034041195;14.17;15.75;53.328705;-8.126893
1651457337;869170034041195;16.0;16.0;53.330275;-8.1222
1651457367;869170034041195;14.23;14.77;53.336128;-8.111205
1651457379;869170034041195;16.67;18.17;53.338553;-8.106587
1651457390;869170034041195;14.25;14.58;53.340515;-8.101928
1651457402;869170034041195;17.33;18.67;53.342303;-8.096683
1651457414;869170034041195;16.58;17.83;53.343808;-8.091028
1651457443;869170034041195;17.92;18.5;53.346662;-8.077747
1651457454;869170034041195;14.58;15.25;53.348367;-8.073202
1651457466;869170034041195;12.08;12.17;53.350698;-8.06897
1651457477;869170034041195;14.67;16.33;53.353267;-8.065963
1651457488;869170034041195;17.5;19.5;53.356237;-8.064057
1651457518;869170034041195;15.23;17.38;53.364387;-8.061425
1651457529;869170034041195;14.0;17.25;53.367182;-8.05935
1651457541;869170034041195;14.83;17.67;53.370205;-8.057113
1651457552;869170034041195;13.75;15.75;53.3731;-8.054983
1651457564;869170034041195;12.42;14.08;53.376355;-8.052725
1651457594;869170034041195;17.0;17.46;53.385095;-8.050632
1651457605;869170034041195;12.33;13.0;53.38841;-8.050288
1651457616;869170034041195;10.58;12.42;53.391822;-8.049848
1651457628;869170034041195;15.75;16.58;53.395547;-8.048882
1651457640;869170034041195;17.08;18.33;53.398843;-8.04717
1651457670;869170034041195;15.92;16.92;53.404067;-8.03551
1651457682;869170034041195;20.08;20.17;53.405397;-8.02995
1651457694;869170034041195;21.5;24.58;53.406772;-8.024322
1651457705;869170034041195;20.17;23.33;53.408488;-8.01969
1651457717;869170034041195;17.25;19.25;53.410938;-8.015608
1651457746;869170034041195;18.83;21.17;53.414885;-8.003592
1651457758;869170034041195;19.5;23.67;53.414748;-7.997357
1651457769;869170034041195;21.5;23.0;53.415218;-7.991875
1651457781;869170034041195;22.58;26.67;53.416747;-7.986777
1651457792;869170034041195;19.67;28.83;53.419025;-7.983297
1651457822;869170034041195;16.25;19.08;53.42487;-7.973625
1651457834;869170034041195;15.08;16.58;53.426373;-7.968462
1651457845;869170034041195;15.17;15.75;53.42802;-7.963802
1651457857;869170034041195;13.92;13.92;53.430052;-7.95937
1651457869;869170034041195;15.58;18.75;53.43246;-7.95539
1651457901;869170034041195;17.62;19.23;53.434845;-7.942617
1651457913;869170034041195;19.17;20.25;53.434695;-7.937515
1651457924;869170034041195;19.58;20.92;53.433702;-7.932785
1651457936;869170034041195;17.17;20.75;53.432398;-7.927563
1651457947;869170034041195;15.58;18.25;53.430767;-7.923108
1651457976;869170034041195;11.33;11.58;53.427293;-7.910428
1651457988;869170034041195;14.0;17.92;53.426377;-7.905285
1651458000;869170034041195;18.33;19.0;53.426185;-7.899948
1651458011;869170034041195;18.75;19.92;53.425333;-7.89556
1651458023;869170034041195;10.67;12.42;53.42312;-7.892247
1651458055;869170034041195;14.0;15.85;53.41503;-7.888618
1651458066;869170034041195;11.08;13.92;53.412333;-7.886167
1651458078;869170034041195;9.25;12.0;53.409283;-7.883342
1651458089;869170034041195;9.75;10.75;53.406667;-7.880305
1651458101;869170034041195;10.42;11.17;53.404425;-7.876
1651458131;869170034041195;9.69;10.92;53.40218;-7.862527
1651458143;869170034041195;10.83;11.0;53.402185;-7.856718
1651458154;869170034041195;9.92;11.17;53.401927;-7.851373
1651458165;869170034041195;9.58;11.75;53.401528;-7.84631
1651458177;869170034041195;8.33;11.67;53.40099;-7.840925
1651458212;869170034041195;7.62;8.15;53.39864;-7.824897
1651458223;869170034041195;6.75;6.75;53.397707;-7.820068
1651458235;869170034041195;7.92;8.83;53.396633;-7.815062
1651458246;869170034041195;9.17;12.5;53.395822;-7.81079
1651458258;869170034041195;9.33;11.92;53.395128;-7.80618
1651458290;869170034041195;6.25;6.75;53.394107;-7.792332
1651458302;869170034041195;4.58;4.58;53.393743;-7.78676
1651458313;869170034041195;5.0;5.0;53.393147;-7.781618
1651458325;869170034041195;4.67;4.67;53.392213;-7.776042
1651458336;869170034041195;4.0;5.33;53.391078;-7.77087
1651458366;869170034041195;5.15;6.46;53.388713;-7.75584
1651458377;869170034041195;7.67;8.42;53.38832;-7.750317
1651458389;869170034041195;6.33;6.67;53.387957;-7.744235
1651458400;869170034041195;6.75;7.5;53.387207;-7.738832
1651458412;869170034041195;7.5;7.83;53.386435;-7.732948
1651458441;869170034041195;7.58;7.58;53.385843;-7.718755
1651458452;869170034041195;7.42;8.08;53.38575;-7.713383
1651458464;869170034041195;9.17;9.83;53.38571;-7.70769
1651458475;869170034041195;7.67;8.5;53.385727;-7.702535
1651458487;869170034041195;7.17;7.33;53.385798;-7.697062
1651458526;869170034041195;7.83;7.83;53.387393;-7.683742
1651458538;869170034041195;7.83;7.83;53.387962;-7.683318
1651458549;869170034041195;8.25;8.25;53.387177;-7.683172
1651458561;869170034041195;9.0;10.17;53.386118;-7.682475
1651458572;869170034041195;10.25;10.58;53.385;-7.681555
1651458602;869170034041195;10.46;12.69;53.381953;-7.672422
1651458613;869170034041195;8.92;9.75;53.38096;-7.668213
1651458625;869170034041195;7.92;8.42;53.379598;-7.664743
1651458636;869170034041195;8.67;10.67;53.37796;-7.662202
1651458648;869170034041195;9.33;10.08;53.375848;-7.65958
1651458678;869170034041195;9.83;10.33;53.370488;-7.652188
1651458690;869170034041195;10.67;12.42;53.3692;-7.64762
1651458701;869170034041195;6.58;9.42;53.368245;-7.643365
1651458713;869170034041195;10.25;12.17;53.367247;-7.63884
1651458725;869170034041195;11.75;12.58;53.367128;-7.634372
1651458754;869170034041195;10.25;13.5;53.363993;-7.624375
1651458766;869170034041195;14.67;19.08;53.36107;-7.62359
1651458777;869170034041195;15.83;17.42;53.35815;-7.623528
1651458789;869170034041195;16.0;17.0;53.355028;-7.623463
1651458800;869170034041195;16.42;20.83;53.3535;-7.623337
1651458830;869170034041195;17.85;19.85;53.35287;-7.618917
1651458841;869170034041195;19.42;25.92;53.352358;-7.616512
1651458853;869170034041195;17.33;20.83;53.35184;-7.613885
1651458864;869170034041195;18.0;21.92;53.351153;-7.61149
1651458876;869170034041195;19.83;28.83;53.350307;-7.608905
1651458911;869170034041195;23.0;32.33;53.348818;-7.602585
1651458922;869170034041195;21.5;40.0;53.348817;-7.60253
1651458933;869170034041195;18.75;32.25;53.348695;-7.602568
1651458945;869170034041195;16.25;23.25;53.348107;-7.603528
1651458956;869170034041195;14.92;20.08;53.347887;-7.603453
1651472850;869170033897761;21.38;26.92;53.132778;-6.082568
1651472880;869170033897761;19.46;28.31;53.132522;-6.09003
1651472892;869170033897761;19.83;24.17;53.132897;-6.091912
1651472903;869170033897761;22.0;24.58;53.132472;-6.092903
1651472915;869170033897761;18.83;26.67;53.132615;-6.09501
1651472926;869170033897761;18.92;25.83;53.132052;-6.097462
1651472957;869170033897761;15.42;18.08;53.129353;-6.104105
1651472968;869170033897761;15.58;20.58;53.128595;-6.104655
1651472980;869170033897761;19.83;24.83;53.129125;-6.106898
1651472992;869170033897761;15.75;19.83;53.13107;-6.108995
1651473003;869170033897761;24.17;29.75;53.132973;-6.111868
1651473032;869170033897761;23.5;28.67;53.138157;-6.11957
1651473044;869170033897761;27.75;30.92;53.139882;-6.123078
1651473056;869170033897761;32.08;40.92;53.142498;-6.124307
1651473067;869170033897761;26.83;35.0;53.145373;-6.124332
1651473079;869170033897761;18.08;21.0;53.148417;-6.125168
1651473158;869170033897761;19.5;22.58;53.167073;-6.134628
1651473170;869170033897761;19.92;20.08;53.169662;-6.136365
1651473181;869170033897761;18.83;21.5;53.17199;-6.138045
1651473193;869170033897761;19.83;26.42;53.174737;-6.139087
1651473205;869170033897761;18.0;20.0;53.17761;-6.138123
1651473271;869170033897761;19.92;24.58;53.19012;-6.141158
1651473443;869170033897761;20.83;28.33;53.193985;-6.170075
1651473454;869170033897761;25.33;30.58;53.194917;-6.171
1651473466;869170033897761;21.75;25.92;53.196278;-6.17155
1651473478;869170033897761;24.08;30.83;53.197818;-6.172062
1651473508;869170033897761;22.0;23.08;53.20081;-6.176037
1651473520;869170033897761;27.0;34.42;53.201177;-6.175178
1651473532;869170033897761;27.67;32.42;53.201308;-6.174002
1651473544;869170033897761;29.08;33.92;53.2014;-6.173223
1651473555;869170033897761;24.25;31.83;53.201567;-6.173282
1651473585;869170033897761;19.77;25.15;53.201608;-6.173333
1651473596;869170033897761;18.75;25.17;53.201608;-6.173333
1651473608;869170033897761;17.42;19.75;53.201608;-6.173333
1651473620;869170033897761;12.33;14.08;53.20161;-6.173335
1651473631;869170033897761;12.83;16.92;53.201608;-6.173335
1651474721;869170034051277;37.25;52.67;53.351647;-6.46317
1651474749;869170034051277;37.92;53.67;53.35167;-6.463318
1651474760;869170034051277;37.08;54.25;53.35167;-6.463318
1651474772;869170034051277;37.0;55.67;53.351668;-6.463318
1651474784;869170034051277;36.08;61.92;53.351668;-6.463317
1651474795;869170034051277;49.75;72.58;53.35166;-6.463308
1651474824;869170034051277;40.33;59.5;53.35161;-6.463243
1651474836;869170034051277;42.58;64.75;53.35161;-6.463243
1651474848;869170034051277;45.5;65.58;53.351608;-6.463242
1651474860;869170034051277;39.92;59.08;53.351608;-6.463242
1651474871;869170034051277;30.33;43.42;53.351593;-6.463233
1651474949;869170034051277;39.25;57.0;53.352073;-6.46295
1651474976;869170034051277;47.08;66.67;53.35482;-6.463313
1651474988;869170034051277;42.75;60.08;53.35527;-6.462933
1651475000;869170034051277;39.5;58.17;53.355632;-6.460367
1651475012;869170034051277;39.0;59.08;53.3553;-6.456795
1651475023;869170034051277;41.33;61.42;53.355903;-6.453445
1651475264;869170034051277;43.33;62.25;53.364112;-6.43998
1651475292;869170034051277;37.92;55.33;53.368298;-6.4365
1651475304;869170034051277;43.25;60.83;53.368753;-6.434925
1651475316;869170034051277;40.83;58.08;53.36883;-6.435527
1651475327;869170034051277;41.08;62.5;53.369098;-6.437475
1651475339;869170034051277;39.17;57.42;53.369762;-6.43914
1651475368;869170034051277;40.83;57.25;53.375177;-6.439282
1651475380;869170034051277;38.83;57.67;53.377185;-6.439728
1651475391;869170034051277;38.83;50.17;53.379017;-6.439465
1651475402;869170034051277;35.67;47.0;53.38077;-6.43878
1651475414;869170034051277;37.42;48.17;53.382038;-6.437975
1651475449;869170034051277;34.33;46.08;53.380367;-6.430545
1651475461;869170034051277;34.92;50.0;53.3799;-6.427878
1651475473;869170034051277;37.92;54.67;53.379955;-6.425193
1651475485;869170034051277;35.5;51.25;53.379657;-6.422677
1651475496;869170034051277;37.5;54.25;53.379285;-6.420608
1651475525;869170034051277;39.0;55.92;53.375215;-6.414005
1651475537;869170034051277;36.58;52.33;53.373622;-6.410387
1651475549;869170034051277;34.08;49.75;53.372795;-6.408028
1651475561;869170034051277;33.83;48.17;53.372798;-6.408045
1651475572;869170034051277;35.75;50.17;53.373395;-6.407568
1651475606;869170034051277;33.92;48.31;53.376345;-6.405582
1651475617;869170034051277;31.67;42.58;53.377587;-6.403538
1651475629;869170034051277;31.67;50.33;53.379555;-6.40229
1651475640;869170034051277;31.0;51.58;53.381597;-6.402878
1651475652;869170034051277;33.25;50.33;53.38304;-6.403408
1651475691;869170034051277;33.92;49.08;53.387092;-6.401707
1651475703;869170034051277;33.58;42.5;53.388703;-6.401037
1651475715;869170034051277;35.17;46.25;53.390067;-6.400477
1651475727;869170034051277;35.5;47.17;53.391508;-6.39985
1651475738;869170034051277;34.58;50.08;53.39278;-6.398985
1651475767;869170034051277;34.5;44.83;53.395348;-6.395777
1651475779;869170034051277;35.42;46.33;53.396337;-6.3939
1651475790;869170034051277;32.33;40.67;53.397042;-6.392675
1651475802;869170034051277;31.25;39.75;53.39783;-6.391255
1651475813;869170034051277;32.67;41.33;53.39849;-6.389557
1651475858;869170034051277;30.0;38.0;53.400792;-6.379888
1651475869;869170034051277;33.25;43.08;53.401463;-6.377053
1651475881;869170034051277;32.83;41.83;53.402243;-6.375438
1651475892;869170034051277;32.83;40.5;53.403192;-6.37379
1651475904;869170034051277;37.0;46.25;53.404917;-6.372693
1651475938;869170034051277;28.67;36.17;53.409317;-6.368667
1651475950;869170034051277;30.92;41.75;53.410937;-6.368133
1651475961;869170034051277;31.5;39.58;53.412193;-6.366427
1651475973;869170034051277;32.67;42.33;53.413512;-6.364723
1651475985;869170034051277;32.5;42.83;53.414373;-6.364355
1651476162;869170034051277;28.42;34.08;53.416777;-6.362405
1651476190;869170034051277;31.85;40.69;53.415372;-6.358428
1651476202;869170034051277;27.33;36.33;53.416395;-6.35758
1651476213;869170034051277;37.17;47.0;53.41765;-6.357133
1651476224;869170034051277;29.83;38.5;53.417783;-6.356445
1651476235;869170034051277;27.17;34.17;53.417778;-6.356442
1651476264;869170034051277;25.5;29.83;53.417615;-6.355293
1651476276;869170034051277;35.83;44.42;53.417683;-6.353693
1651476287;869170034051277;32.42;42.0;53.41867;-6.353398
1651476299;869170034051277;39.67;51.5;53.419335;-6.354558
1651476311;869170034051277;29.5;38.33;53.41991;-6.354853
1651485798;869170034051335;76.75;79.58;53.396547;-6.162642
1651485827;869170034051335;74.67;78.33;53.395325;-6.163925
1651485839;869170034051335;83.91;84.0;53.39479;-6.165622
1651485850;869170034051335;78.33;80.67;53.394298;-6.16678
1651486062;869170034051335;22.25;28.33;53.392797;-6.163454
1651486074;869170034051335;36.92;42.42;53.391945;-6.160272
1651486105;869170034051335;43.85;52.15;53.392708;-6.164487
1651486117;869170034051335;38.67;45.17;53.392782;-6.166342
1651486129;869170034051335;45.17;54.92;53.392738;-6.167742
1651486140;869170034051335;46.82;56.55;53.39261;-6.167628
1651486152;869170034051335;50.92;62.17;53.392363;-6.167453
1651486185;869170034051335;51.42;63.17;53.39387;-6.166585
1651486196;869170034051335;60.67;71.0;53.394582;-6.165145
1651486208;869170034051335;55.75;66.83;53.394925;-6.163883
1651486219;869170034051335;59.73;70.64;53.394953;-6.163303
1651486231;869170034051335;76.0;81.17;53.395065;-6.16305
1651487406;869170034044074;46.67;59.25;53.531902;-6.093937
1651487433;869170034044074;37.92;45.0;53.531883;-6.091752
1651487445;869170034044074;33.67;38.58;53.53187;-6.091647
1651487457;869170034044074;45.42;55.08;53.531472;-6.091523
1651487468;869170034044074;90.08;94.75;53.530078;-6.091468
1651487480;869170034044074;47.25;57.25;53.528528;-6.09129
1651487509;869170034044074;34.0;41.75;53.524608;-6.091263
1651487521;869170034044074;32.17;40.33;53.523298;-6.091228
1651487532;869170034044074;39.17;48.0;53.522328;-6.091123
1651487544;869170034044074;31.58;35.08;53.521865;-6.091458
1651487556;869170034044074;32.42;38.92;53.522052;-6.092738
1651487586;869170034044074;39.83;50.5;53.522682;-6.096978
1651487597;869170034044074;36.58;45.75;53.522812;-6.098067
1651487609;869170034044074;33.92;41.25;53.522865;-6.099805
1651487621;869170034044074;32.0;38.92;53.522867;-6.100702
1651487633;869170034044074;32.83;40.92;53.522867;-6.100702
1651487663;869170034044074;38.42;47.67;53.52175;-6.104745
1651487675;869170034044074;33.42;43.08;53.52137;-6.106683
1651487686;869170034044074;31.5;38.33;53.521185;-6.107687
1651487698;869170034044074;40.33;50.92;53.52079;-6.109827
1651487710;869170034044074;49.08;63.33;53.52018;-6.113063
1651487739;869170034044074;36.0;44.58;53.51778;-6.119353
1651487751;869170034044074;37.5;46.75;53.517717;-6.122495
1651487763;869170034044074;30.42;34.75;53.518082;-6.125538
1651487775;869170034044074;34.33;40.33;53.518468;-6.128278
1651487906;869170034044074;23.08;24.17;53.523463;-6.15702
1651487941;869170034044074;44.92;56.0;53.521802;-6.159745
1651487952;869170034044074;37.25;43.33;53.520557;-6.161908
1651487964;869170034044074;27.08;29.67;53.52006;-6.164693
1651487976;869170034044074;27.5;29.83;53.52028;-6.166877
1651487987;869170034044074;29.58;31.42;53.520333;-6.1685
1651488018;869170034044074;31.92;35.92;53.51733;-6.170972
1651488029;869170034044074;32.75;40.0;53.51593;-6.17245
1651488041;869170034044074;31.33;38.25;53.514233;-6.17394
1651488053;869170034044074;29.58;37.75;53.512778;-6.176093
1651488065;869170034044074;30.08;33.0;53.511382;-6.177752
1651488095;869170034044074;30.33;31.67;53.50881;-6.183082
1651488107;869170034044074;30.0;33.42;53.50748;-6.184862
1651488119;869170034044074;30.08;35.5;53.506222;-6.186383
1651488130;869170034044074;30.58;34.67;53.504772;-6.187503
1651488142;869170034044074;27.0;31.0;53.503612;-6.18972
1651488171;869170034044074;25.5;28.5;53.500865;-6.1937
1651488183;869170034044074;40.5;49.5;53.498735;-6.1942
1651488195;869170034044074;29.25;34.17;53.496578;-6.193928
1651488206;869170034044074;26.33;29.92;53.49485;-6.194555
1651488218;869170034044074;27.5;29.67;53.493377;-6.195553
1651488247;869170034044074;39.42;48.17;53.490425;-6.195972
1651488259;869170034044074;32.42;35.83;53.48973;-6.196263
1651488270;869170034044074;66.36;77.09;53.488283;-6.197223
1651488282;869170034044074;69.92;84.92;53.486175;-6.19883
1651488293;869170034044074;33.67;41.0;53.484295;-6.200267
1651488323;869170034044074;30.17;33.08;53.480268;-6.203088
1651488334;869170034044074;29.33;31.58;53.479393;-6.20376
1651488346;869170034044074;28.58;30.0;53.478542;-6.203692
1651488358;869170034044074;33.0;37.92;53.476647;-6.203878
1651488369;869170034044074;33.75;39.58;53.474425;-6.203157
1651488399;869170034044074;39.92;49.67;53.46724;-6.202682
1651488411;869170034044074;28.17;32.58;53.464573;-6.203157
1651488423;869170034044074;27.08;31.08;53.46194;-6.203627
1651488435;869170034044074;27.25;32.5;53.459298;-6.203787
1651488447;869170034044074;32.75;37.33;53.45648;-6.203272
1651488477;869170034044074;30.75;33.5;53.44891;-6.203242
1651488488;869170034044074;28.0;33.17;53.446247;-6.20445
1651488500;869170034044074;24.08;27.33;53.443375;-6.205817
1651488511;869170034044074;28.67;34.92;53.440808;-6.20703
1651488523;869170034044074;29.67;33.33;53.438135;-6.208613
1651488556;869170034044074;40.92;49.25;53.431563;-6.21448
1651488567;869170034044074;30.42;34.0;53.429187;-6.216133
1651488579;869170034044074;28.08;32.58;53.426577;-6.217555
1651488591;869170034044074;30.58;34.92;53.424002;-6.218962
1651488603;869170034044074;35.5;43.67;53.421337;-6.220395
1651488633;869170034044074;23.75;25.42;53.41474;-6.223872
1651488645;869170034044074;23.0;24.42;53.412248;-6.224802
1651488656;869170034044074;25.92;29.5;53.410618;-6.224578
1651488668;869170034044074;32.17;39.83;53.40919;-6.225108
1651488680;869170034044074;30.33;32.67;53.408988;-6.227787
1651488709;869170034044074;36.17;42.92;53.410313;-6.234892
1651488721;869170034044074;32.5;35.5;53.41017;-6.238362
1651488732;869170034044074;30.25;34.42;53.410002;-6.241917
1651488744;869170034044074;30.75;34.58;53.409827;-6.24609
1651488756;869170034044074;28.0;32.17;53.409637;-6.250493
1651488785;869170034044074;27.08;34.0;53.409115;-6.260885
1651488797;869170034044074;27.92;30.33;53.408725;-6.264252
1651488809;869170034044074;30.0;31.75;53.407627;-6.265465
1651488821;869170034044074;26.75;28.75;53.40648;-6.265355
1651488833;869170034044074;28.5;29.75;53.406265;-6.26534
1651488863;869170034044074;26.5;29.33;53.406265;-6.26534
1651488874;869170034044074;26.08;28.25;53.406265;-6.26534
1651488886;869170034044074;26.08;28.33;53.406257;-6.26534
1651488898;869170034044074;29.42;35.42;53.406175;-6.265317
1651488909;869170034044074;32.92;42.0;53.405455;-6.2652
1651488939;869170034044074;31.0;34.25;53.40513;-6.268723
1651488951;869170034044074;31.17;33.0;53.406083;-6.269085
1651488963;869170034044074;34.5;40.92;53.406493;-6.269827
1651488974;869170034044074;30.17;32.67;53.406433;-6.271303
1651488986;869170034044074;43.17;53.25;53.406408;-6.272878
1651489015;869170034044074;36.92;44.5;53.40748;-6.273035
1651489027;869170034044074;41.0;49.58;53.407763;-6.273327
1651489039;869170034044074;67.83;73.5;53.407717;-6.274372
1651489051;869170034044074;55.67;62.42;53.407693;-6.274445
1651489062;869170034044074;31.42;35.42;53.407568;-6.27443
1651490113;869170033930554;2.92;4.67;52.389123;-6.985078
1651490438;869170033930554;1.25;3.08;52.389322;-6.985195
1651490465;869170033930554;5.17;7.17;52.38782;-6.985138
1651490475;869170033930554;3.75;7.33;52.386533;-6.98579
1651490498;869170033930554;5.0;7.75;52.383335;-6.987257
1651490509;869170033930554;3.67;4.17;52.382345;-6.987752
1651492621;869170034044074;16.08;20.42;53.40764;-6.273278
1651492649;869170034044074;20.17;21.08;53.407638;-6.273328
1651492660;869170034044074;19.17;20.5;53.407638;-6.273328
1651492672;869170034044074;16.08;18.17;53.407602;-6.273322
1651492683;869170034044074;15.67;17.83;53.407435;-6.273538
1651492695;869170034044074;27.5;35.17;53.407398;-6.274208
1651492726;869170034044074;41.67;51.75;53.407803;-6.273262
1651492738;869170034044074;24.58;26.08;53.407772;-6.272862
1651492750;869170034044074;21.67;22.75;53.407343;-6.272847
1651492761;869170034044074;19.25;21.25;53.406712;-6.272765
1651492772;869170034044074;18.75;21.33;53.40646;-6.27195
1651492804;869170034044074;23.33;24.92;53.405187;-6.26856
1651492816;869170034044074;21.33;23.67;53.405313;-6.26654
1651492827;869170034044074;20.5;24.25;53.405578;-6.26536
1651492839;869170034044074;24.17;27.5;53.406782;-6.265523
1651492851;869170034044074;27.25;30.83;53.408075;-6.265912
1651492882;869170034044074;17.92;18.92;53.40817;-6.266032
1651492894;869170034044074;15.08;16.08;53.40817;-6.266032
1651492905;869170034044074;13.83;13.83;53.40817;-6.266032
1651492917;869170034044074;15.5;16.5;53.40817;-6.266032
1651492929;869170034044074;27.08;31.33;53.408863;-6.266755
1651492960;869170034044074;21.23;25.15;53.40957;-6.262105
1651492972;869170034044074;22.0;22.83;53.409598;-6.258352
1651492983;869170034044074;20.0;21.0;53.409705;-6.254778
1651493235;869170034044074;18.5;23.33;53.446422;-6.20473
1651493266;869170034044074;17.0;17.33;53.453672;-6.202938
1651493278;869170034044074;15.25;16.92;53.456535;-6.203582
1651493289;869170034044074;13.58;14.08;53.459005;-6.204145
1651493301;869170034044074;12.67;13.0;53.461758;-6.20408
1651493312;869170034044074;15.0;16.83;53.464347;-6.203613
1651493343;869170034044074;17.0;17.31;53.471668;-6.202897
1651493354;869170034044074;16.67;19.92;53.47407;-6.203598
1651493366;869170034044074;15.5;16.83;53.476118;-6.204878
1651493377;869170034044074;16.92;17.75;53.476905;-6.206057
1651493389;869170034044074;18.5;20.5;53.47768;-6.20576
1651493418;869170034044074;20.5;23.92;53.478767;-6.204755
1651493430;869170034044074;23.17;26.5;53.47958;-6.203962
1651493441;869170034044074;32.5;37.0;53.481062;-6.202778
1651493453;869170034044074;28.33;29.83;53.482938;-6.2015
1651493464;869170034044074;20.75;23.08;53.484753;-6.200203
1651493494;869170034044074;18.08;19.69;53.489005;-6.196985
1651493506;869170034044074;19.17;20.0;53.489945;-6.196295
1651493517;869170034044074;19.58;19.67;53.49031;-6.196225
1651493529;869170034044074;24.0;27.33;53.491657;-6.196082
1651493541;869170034044074;19.75;22.5;53.49241;-6.196165
1651493594;869170033930554;3.92;5.92;52.386495;-6.979518
1651493621;869170033930554;4.5;5.33;52.38413;-6.985422
1651493632;869170033930554;7.17;13.58;52.382235;-6.98704
1651493655;869170033930554;4.25;9.42;52.377815;-6.989088
1651493667;869170033930554;4.17;7.0;52.375618;-6.99092
1651493696;869170033930554;7.77;8.31;52.37281;-6.999252
1651493707;869170033930554;7.17;10.17;52.371923;-7.002783
1651493719;869170033930554;6.17;10.75;52.37019;-7.00596
1651493730;869170033930554;6.0;9.33;52.36849;-7.008827
1651493741;869170033930554;6.0;10.08;52.367557;-7.00984
1651493784;869170033930554;3.77;7.62;52.364673;-7.009635
1651493795;869170033930554;2.83;5.0;52.364573;-7.009677
1651493806;869170033930554;3.0;5.17;52.364068;-7.00993
1651493818;869170033930554;2.83;3.33;52.363855;-7.010155
1651493829;869170033930554;3.33;3.67;52.364833;-7.00961
1651493858;869170033930554;2.77;2.77;52.367448;-7.009685
1651493870;869170033930554;3.25;4.67;52.36762;-7.010072
1651493881;869170033930554;3.5;4.0;52.368482;-7.009025
1651493893;869170033930554;3.75;5.67;52.369922;-7.006627
1651493904;869170033930554;5.0;7.33;52.37149;-7.003918
1651494883;869170034044074;15.75;21.58;53.493028;-6.196333
1651494911;869170034044074;29.0;32.25;53.496215;-6.194043
1651494923;869170034044074;22.25;23.17;53.498427;-6.194252
1651494934;869170034044074;20.75;22.17;53.500442;-6.193992
1651494946;869170034044074;18.92;18.92;53.50201;-6.193202
1651494958;869170034044074;20.67;24.08;53.502482;-6.191877
1651494988;869170034044074;16.92;18.25;53.505628;-6.18665
1651494999;869170034044074;16.58;17.83;53.507103;-6.185468
1651495011;869170034044074;18.58;20.17;53.508665;-6.183498
1651495023;869170034044074;19.58;20.25;53.509822;-6.180542
1651495034;869170034044074;16.33;17.0;53.510783;-6.178138
1651495064;869170034044074;19.77;20.46;53.514758;-6.173202
1651495075;869170034044074;14.42;18.25;53.516375;-6.172118
1651495087;869170034044074;14.0;19.5;53.517883;-6.1705
1651495099;869170034044074;16.67;17.08;53.519302;-6.169347
1651495111;869170034044074;20.33;23.83;53.520262;-6.168797
1651495145;869170034044074;29.75;33.83;53.520123;-6.16468
1651495157;869170034044074;23.42;25.08;53.520673;-6.161707
1651495168;869170034044074;17.33;17.5;53.521832;-6.159748
1651495180;869170034044074;16.58;16.58;53.523107;-6.157913
1651495191;869170034044074;16.83;17.67;53.523723;-6.157962
1651495291;869170034041377;8.33;9.75;53.40151;-6.292305
1651495320;869170034041377;7.42;10.17;53.401482;-6.292328
1651495331;869170034041377;6.42;7.08;53.401482;-6.29233
1651495343;869170034041377;8.33;8.33;53.40148;-6.29233
1651495354;869170034041377;11.42;12.92;53.401478;-6.29233
1651495365;869170034041377;9.25;11.0;53.401478;-6.29233
1651495395;869170034041377;14.17;14.17;53.401212;-6.2918
1651495407;869170034041377;38.92;48.0;53.40086;-6.29214
1651495419;869170034041377;34.58;42.5;53.40084;-6.293145
1651495430;869170034041377;23.33;24.5;53.400587;-6.293723
1651495441;869170034041377;13.08;14.0;53.400363;-6.293843
1651495471;869170034041377;27.42;28.08;53.400578;-6.295478
1651495483;869170034041377;21.75;21.92;53.401493;-6.297008
1651495494;869170034041377;15.33;16.67;53.402162;-6.298742
1651495506;869170034041377;16.08;16.92;53.402592;-6.301127
1651495517;869170034041377;12.83;12.83;53.402613;-6.302593
1651495549;869170034041377;17.85;18.46;53.399498;-6.303292
1651495561;869170034041377;16.67;18.67;53.398787;-6.303808
1651495572;869170034041377;14.0;14.83;53.398767;-6.304123
1651495584;869170034041377;13.42;13.67;53.398865;-6.304793
1651495596;869170034041377;17.75;19.75;53.398935;-6.305095
1651495874;869170034041377;10.67;10.67;53.398945;-6.304173
1651496713;869170034041377;8.67;9.83;53.396815;-6.304997
1651496740;869170034041377;7.33;7.33;53.396823;-6.304978
1651496752;869170034041377;8.0;8.0;53.396823;-6.304977
1651496763;869170034041377;7.08;7.08;53.396825;-6.304977
1651496774;869170034041377;6.92;6.92;53.396825;-6.304977
1651496786;869170034041377;7.33;8.5;53.396825;-6.304977
1651496818;869170034041377;6.33;6.58;53.396825;-6.304977
1651496829;869170034041377;7.42;8.42;53.396825;-6.304977
1651496841;869170034041377;9.33;10.5;53.396825;-6.304977
1651496852;869170034041377;9.58;11.25;53.396825;-6.304977
1651496863;869170034041377;9.5;10.58;53.396825;-6.304977
1651496895;869170034041377;8.08;8.08;53.396825;-6.304977
1651496907;869170034041377;8.25;8.25;53.396825;-6.304977
1651496918;869170034041377;9.33;9.92;53.396825;-6.304977
1651496929;869170034041377;12.36;14.45;53.396825;-6.304977
1651496940;869170034041377;13.92;15.58;53.396825;-6.304977
1651496974;869170034041377;8.38;9.15;53.396825;-6.304977
1651496985;869170034041377;7.5;8.5;53.396825;-6.304978
1651496997;869170034041377;7.58;9.25;53.396825;-6.304978
1651497008;869170034041377;7.42;9.75;53.396827;-6.304978
1651497020;869170034041377;7.67;10.5;53.396827;-6.304978
1651497050;869170034041377;10.17;13.33;53.396827;-6.304978
1651497061;869170034041377;9.5;11.33;53.396827;-6.304978
1651497073;869170034041377;8.92;8.92;53.396827;-6.304978
1651497084;869170034041377;6.5;6.67;53.396827;-6.304978
1651497095;869170034041377;6.83;7.83;53.396827;-6.304977
1651497326;869170034041377;8.38;8.62;53.396833;-6.305
1651497338;869170034041377;7.75;8.92;53.396833;-6.305
1651497349;869170034041377;6.83;8.42;53.396833;-6.305
1651497361;869170034041377;8.33;9.0;53.396833;-6.305
1651497392;869170034041377;9.42;9.42;53.396833;-6.305
1651497403;869170034041377;8.33;9.33;53.396833;-6.305
1651497414;869170034041377;7.25;7.83;53.396833;-6.304998
1651497426;869170034041377;5.42;5.58;53.396835;-6.30499
1651497437;869170034041377;7.5;8.92;53.396837;-6.30499
1651497468;869170034041377;5.23;6.08;53.396837;-6.30499
1651497480;869170034041377;5.83;5.83;53.396837;-6.30499
1651497491;869170034041377;4.33;4.33;53.396837;-6.30499
1651497503;869170034041377;4.25;4.25;53.396837;-6.30499
1651497514;869170034041377;5.08;5.08;53.396837;-6.30499
1651497547;869170034041377;6.08;6.08;53.396837;-6.30499
1651497558;869170034041377;7.75;7.92;53.396837;-6.30499
1651497569;869170034041377;8.33;9.92;53.396837;-6.30499
1651497581;869170034041377;8.25;9.08;53.396837;-6.30499
1651497592;869170034041377;7.92;9.58;53.396837;-6.30499
1651498123;869170034044074;17.69;18.46;53.524155;-6.159208
1651498150;869170034044074;24.5;29.83;53.523758;-6.157277
1651498162;869170034044074;28.08;31.83;53.52303;-6.156007
1651498174;869170034044074;32.17;36.67;53.52249;-6.153518
1651498186;869170034044074;18.0;20.25;53.522057;-6.150538
1651498197;869170034044074;14.5;17.08;53.521973;-6.147702
1651498228;869170034044074;13.08;14.92;53.520837;-6.139803
1651498239;869170034044074;14.0;15.25;53.520122;-6.13711
1651498251;869170034044074;15.58;15.58;53.519413;-6.134172
1651498262;869170034044074;13.92;17.08;53.518805;-6.131798
1651498274;869170034044074;13.17;18.33;53.518745;-6.129183
1651498303;869170034044074;28.92;33.17;53.51789;-6.12324
1651498315;869170034044074;37.75;43.25;53.517735;-6.120673
1651498326;869170034044074;22.75;23.0;53.517985;-6.118413
1651498338;869170034044074;18.67;19.67;53.518513;-6.116757
1651498349;869170034044074;20.25;21.92;53.518428;-6.116365
1651498379;869170034044074;18.0;18.33;53.517118;-6.113568
1651498390;869170034044074;16.17;16.58;53.516878;-6.11314
1651498402;869170034044074;26.0;28.08;53.516222;-6.112302
1651498414;869170034044074;18.25;20.75;53.516177;-6.111472
1651498425;869170034044074;15.83;20.83;53.516397;-6.111058
1651499384;869170034044074;17.77;19.77;53.517338;-6.109215
1651499411;869170034044074;13.67;14.5;53.518355;-6.106507
1651499423;869170034044074;13.83;19.33;53.51878;-6.105027
1651499434;869170034044074;15.42;23.08;53.519;-6.104303
1651499445;869170034044074;16.08;18.83;53.519057;-6.103163
1651499457;869170034044074;16.92;19.25;53.519063;-6.103027
1651499467;869170034041377;9.42;9.83;53.397393;-6.304603
1651499486;869170034044074;18.83;19.25;53.517862;-6.102715
1651499495;869170034041377;13.54;14.15;53.399043;-6.303668
1651499497;869170034044074;16.17;17.5;53.51789;-6.101415
1651499506;869170034041377;13.25;13.25;53.399432;-6.303407
1651499509;869170034044074;13.25;15.83;53.517918;-6.10031
1651499517;869170034041377;8.5;8.5;53.400012;-6.303098
1651499520;869170034044074;15.0;17.67;53.517983;-6.099178
1651499529;869170034041377;9.83;10.83;53.401112;-6.302857
1651499532;869170034044074;14.42;15.92;53.518108;-6.097785
1651499540;869170034041377;10.75;11.75;53.402265;-6.302773
1651499562;869170034044074;12.85;14.23;53.518573;-6.094723
1651499571;869170034041377;9.46;9.46;53.402642;-6.302623
1651499573;869170034044074;15.67;18.0;53.518835;-6.094433
1651499583;869170034041377;7.25;7.25;53.402642;-6.302623
1651499584;869170034044074;17.83;20.67;53.51956;-6.094455
1651499594;869170034041377;5.67;5.67;53.402692;-6.302602
1651499596;869170034044074;17.33;18.0;53.519905;-6.093898
1651499605;869170034041377;6.5;6.5;53.402765;-6.301767
1651499608;869170034044074;17.08;17.17;53.520093;-6.092532
1651499617;869170034041377;7.92;8.42;53.402355;-6.299653
1651499643;869170034044074;17.25;18.92;53.521343;-6.090873
1651499647;869170034041377;11.67;12.67;53.400368;-6.294822
1651499655;869170034044074;13.5;16.33;53.521778;-6.09068
1651499658;869170034041377;11.42;12.0;53.40042;-6.293735
1651499667;869170034044074;21.0;24.67;53.521862;-6.090927
1651499670;869170034041377;8.5;10.17;53.400817;-6.293343
1651499678;869170034044074;21.0;21.58;53.521862;-6.090927
1651499681;869170034041377;8.08;9.25;53.40082;-6.292447
1651499690;869170034044074;15.25;15.25;53.521908;-6.091198
1651499693;869170034041377;7.5;7.5;53.401092;-6.291912
1651502414;869170034045329;12.17;12.17;53.4053;-6.220423
1651502442;869170034045329;11.69;13.92;53.405328;-6.220425
1651502453;869170034045329;12.58;14.75;53.405328;-6.220425
1651502465;869170034045329;12.42;12.58;53.405328;-6.220427
1651502475;869170034045329;12.08;12.08;53.405262;-6.220522
1651502487;869170034045329;16.08;16.42;53.40522;-6.220372
1651503163;869170034045329;17.08;17.08;53.404288;-6.222208
1651503190;869170034045329;16.67;18.92;53.403465;-6.219695
1651503202;869170034045329;19.67;21.75;53.403308;-6.218148
1651503213;869170034045329;15.83;21.0;53.402437;-6.218282
1651503224;869170034045329;15.58;22.42;53.401075;-6.218657
1651503235;869170034045329;15.0;16.42;53.399978;-6.218965
1651503265;869170034045329;19.38;24.0;53.39732;-6.219665
1651503277;869170034045329;22.0;28.5;53.397578;-6.22158
1651503288;869170034045329;20.42;22.58;53.397817;-6.224307
1651503300;869170034045329;17.0;19.17;53.397803;-6.226755
1651503311;869170034045329;17.67;20.25;53.397663;-6.228633
1651503341;869170034045329;21.75;24.25;53.397567;-6.229653
1651503352;869170034045329;18.0;21.33;53.397437;-6.230985
1651503364;869170034045329;16.33;17.83;53.397198;-6.233617
1651503375;869170034045329;19.33;21.08;53.397;-6.235943
1651503387;869170034045329;16.33;17.67;53.396885;-6.237718
1651503418;869170034045329;16.92;22.17;53.398878;-6.237838
1651503430;869170034045329;20.83;23.33;53.400708;-6.235782
1651503442;869170034045329;22.17;23.25;53.402687;-6.233708
1651503453;869170034045329;21.42;21.42;53.404553;-6.231867
1651503464;869170034045329;18.58;19.25;53.406435;-6.230043
1651503495;869170034045329;21.42;23.25;53.41043;-6.232898
1651503506;869170034045329;24.25;28.42;53.4103;-6.236348
1651503518;869170034045329;20.08;23.17;53.410145;-6.240537
1651503530;869170034045329;20.92;22.83;53.409955;-6.244905
1651503541;869170034045329;21.0;24.67;53.409812;-6.248665
1651503572;869170034045329;21.67;25.58;53.40924;-6.26206
1651503583;869170034045329;17.83;20.0;53.409028;-6.266723
1651503595;869170034045329;18.58;22.25;53.408842;-6.271232
1651503607;869170034045329;25.25;32.58;53.408692;-6.27481
1651503618;869170034045329;23.75;27.75;53.408457;-6.279045
1651503649;869170034045329;22.46;24.08;53.407758;-6.292097
1651503660;869170034045329;17.67;21.25;53.407453;-6.296573
1651503672;869170034045329;20.25;26.0;53.406822;-6.301165
1651503683;869170034045329;22.33;28.17;53.40594;-6.30527
1651503695;869170034045329;22.08;27.17;53.404953;-6.308022
1651503725;869170034045329;18.25;19.92;53.404212;-6.31014
1651503737;869170034045329;19.17;19.17;53.404212;-6.31014
1651503748;869170034045329;17.58;22.17;53.404212;-6.31014
1651503760;869170034045329;25.5;29.58;53.403852;-6.310287
1651503772;869170034045329;19.33;24.75;53.402543;-6.3099
1651503802;869170034045329;18.58;20.08;53.398663;-6.306845
1651503814;869170034045329;19.33;19.33;53.397053;-6.30559
1651503825;869170034045329;20.08;20.08;53.39613;-6.305063
1651503837;869170034045329;18.5;18.5;53.393963;-6.304852
1651503848;869170034045329;21.83;21.83;53.391865;-6.303553
1651503881;869170034045329;17.33;18.33;53.389988;-6.301153
1651503893;869170034045329;16.67;16.67;53.389832;-6.30291
1651503905;869170034045329;16.58;18.17;53.389847;-6.304745
1651503916;869170034045329;19.42;20.0;53.389827;-6.306953
1651503928;869170034045329;21.33;21.33;53.389735;-6.307782
1651503958;869170034045329;16.58;17.42;53.389005;-6.307985
1651503970;869170034045329;19.25;19.25;53.388972;-6.30799
1651503981;869170034045329;18.08;18.08;53.388878;-6.307933
1651503993;869170034045329;15.0;15.42;53.388868;-6.307932
1651504004;869170034045329;14.17;16.5;53.388868;-6.307932
1651506972;869170034051277;15.67;16.92;53.420285;-6.354122
1651506999;869170034051277;16.5;17.33;53.420045;-6.354248
1651507011;869170034051277;15.83;17.08;53.420228;-6.353768
1651507022;869170034051277;14.83;15.0;53.420405;-6.353273
1651507034;869170034051277;19.58;20.5;53.420092;-6.352833
1651507045;869170034051277;17.83;19.5;53.41986;-6.35328
1651507266;869170034051277;16.75;17.75;53.419135;-6.35439
1651507293;869170034051277;18.58;20.33;53.419178;-6.354455
1651507305;869170034051277;22.0;22.67;53.419013;-6.354243
1651507328;869170034051277;34.75;42.83;53.418473;-6.353545
1651507340;869170034051277;31.83;38.17;53.417902;-6.353702
1651507370;869170034051277;28.0;29.42;53.41757;-6.355468
1651507381;869170034051277;24.5;25.75;53.417675;-6.35656
1651507393;869170034051277;24.67;25.0;53.416923;-6.357378
1651507405;869170034051277;23.25;24.25;53.415747;-6.357528
1651507417;869170034051277;25.5;29.58;53.415133;-6.357423
1651507446;869170034051277;19.08;19.38;53.416425;-6.361973
1651507457;869170034051277;20.0;22.42;53.415297;-6.362888
1651507469;869170034051277;24.25;29.0;53.414098;-6.363798
1651507480;869170034051277;21.42;23.75;53.412882;-6.365228
1651507492;869170034051277;20.33;21.75;53.41156;-6.367123
1651507521;869170034051277;18.33;19.25;53.408225;-6.368938
1651507532;869170034051277;21.58;27.08;53.407373;-6.370963
1651507544;869170034051277;21.83;23.67;53.405803;-6.37228
1651507555;869170034051277;23.0;25.33;53.404238;-6.373047
1651507567;869170034051277;21.67;21.92;53.402798;-6.374207
1651507597;869170034051277;19.46;19.77;53.40126;-6.37759
1651507608;869170034051277;19.83;20.67;53.40075;-6.379883
1651507620;869170034051277;22.33;26.33;53.400158;-6.382487
1651507871;869170034051277;26.0;26.83;53.386313;-6.40202
1651507899;869170034051277;22.42;25.0;53.38555;-6.402218
1651507911;869170034051277;23.33;26.33;53.384368;-6.402813
1651507922;869170034051277;22.92;26.08;53.38339;-6.403212
1651507933;869170034051277;24.17;27.33;53.382912;-6.40334
1651507945;869170034051277;30.08;34.42;53.382243;-6.403398
1651507974;869170034051277;24.75;26.58;53.379132;-6.402413
1651507985;869170034051277;22.17;26.0;53.378205;-6.4029
1651507997;869170034051277;20.5;25.25;53.377215;-6.404007
1651508009;869170034051277;20.5;22.58;53.376747;-6.40474
1651508021;869170034051277;21.92;23.0;53.376747;-6.404743
1651508050;869170034051277;19.23;22.54;53.376747;-6.404743
1651508061;869170034051277;19.83;23.0;53.376523;-6.405148
1651508072;869170034051277;23.75;28.08;53.375747;-6.406525
1651508084;869170034051277;22.17;25.5;53.374675;-6.407512
1651508096;869170034051277;20.17;22.67;53.373462;-6.407638
1651508125;869170034051277;18.92;20.92;53.37305;-6.40924
1651508136;869170034051277;19.0;21.83;53.373923;-6.411185
1651508148;869170034051277;22.08;30.58;53.375207;-6.414087
1651508159;869170034051277;23.25;29.5;53.376252;-6.416632
1651508171;869170034051277;25.25;29.5;53.378003;-6.419145
1651508203;869170034051277;25.17;29.75;53.379845;-6.424928
1651508214;869170034051277;24.08;29.25;53.38008;-6.426915
1651508226;869170034051277;21.5;25.08;53.37993;-6.429153
1651508238;869170034051277;20.25;28.0;53.380533;-6.431442
1651508249;869170034051277;22.08;30.42;53.38126;-6.433368
1651508314;869170034051277;20.83;21.33;53.378175;-6.439628
1651508325;869170034051277;17.08;18.67;53.376668;-6.439792
1651508337;869170034051277;18.0;23.33;53.375058;-6.439282
1651508348;869170034051277;18.33;23.17;53.373443;-6.43875
1651508360;869170034051277;18.17;19.67;53.371513;-6.43885
1651508389;869170034051277;24.25;28.42;53.369175;-6.438088
1651508401;869170034051277;26.25;28.75;53.368807;-6.4364
1651508413;869170034051277;30.0;33.5;53.368808;-6.435577
1651508424;869170034051277;30.25;33.67;53.36881;-6.435497
1651508436;869170034051277;30.58;32.67;53.36881;-6.435495
1651508467;869170034051277;28.33;30.83;53.368632;-6.43561
1651508478;869170034051277;29.75;32.67;53.368017;-6.43687
1651508490;869170034051277;30.58;40.5;53.36647;-6.438367
1651508502;869170034051277;25.17;32.33;53.364832;-6.439532
1651508513;869170034051277;26.17;29.5;53.36334;-6.440565
1651508543;869170034051277;23.42;24.5;53.360788;-6.445008
1651508554;869170034051277;26.0;29.67;53.360408;-6.446372
1651508566;869170034051277;28.58;31.5;53.359492;-6.446045
1651508577;869170034051277;30.5;36.67;53.359027;-6.445523
1651508589;869170034051277;26.83;29.92;53.358537;-6.445363
1651508618;869170034051277;24.58;27.92;53.359007;-6.44548
1651508629;869170034051277;26.5;28.0;53.35898;-6.446458
1651508640;869170034051277;25.17;25.58;53.35882;-6.447613
1651508652;869170034051277;23.25;25.08;53.358593;-6.449012
1651508664;869170034051277;23.67;26.0;53.35813;-6.450038
1651509047;869170034051277;20.23;21.46;53.356002;-6.452838
1651509076;869170034051277;27.0;29.42;53.355213;-6.458223
1651509076;869170034051277;22.5;28.83;53.355368;-6.459753
1651509099;869170034051277;19.42;24.0;53.355522;-6.46051
1651509111;869170034051277;21.08;24.42;53.355495;-6.462053
1651509122;869170034051277;34.17;40.83;53.355067;-6.463297
1651509152;869170034051277;28.77;31.85;53.352472;-6.46283
1651509163;869170034051277;26.0;32.25;53.352473;-6.462832
1651509175;869170034051277;21.67;25.17;53.352475;-6.462832
1651509186;869170034051277;23.0;24.58;53.352472;-6.462833
1651509197;869170034051277;23.25;26.25;53.351835;-6.463107
1651510105;869170034051277;29.08;32.83;53.35507;-6.463518
1651510131;869170034051277;35.33;40.33;53.355455;-6.459948
1651510143;869170034051277;32.67;37.67;53.355215;-6.459748
1651510154;869170034051277;28.33;30.17;53.355198;-6.459762
1651510166;869170034051277;26.33;26.42;53.355198;-6.459762
1651510178;869170034051277;24.5;25.0;53.355198;-6.459762
1651510206;869170034051277;25.17;25.58;53.355198;-6.459762
1651510218;869170034051277;24.92;25.08;53.355198;-6.459762
1651510229;869170034051277;23.67;24.5;53.355198;-6.459762
1651510240;869170034051277;22.67;24.5;53.355198;-6.459762
1651510252;869170034051277;22.0;25.33;53.355198;-6.459762
1651510281;869170034051277;23.42;26.58;53.355195;-6.459753
1651510292;869170034051277;25.42;27.42;53.355198;-6.459533
1651510304;869170034051277;26.33;27.17;53.355205;-6.459533
1651510316;869170034051277;27.17;30.92;53.355205;-6.459532
1651510327;869170034051277;26.08;29.92;53.355207;-6.459532
1651510356;869170034051277;24.46;28.38;53.355587;-6.4608
1651510367;869170034051277;26.08;27.42;53.355242;-6.46285
1651510379;869170034051277;29.17;34.0;53.354497;-6.463193
1651510390;869170034051277;26.08;30.25;53.353205;-6.462745
1651510402;869170034051277;26.58;29.25;53.352677;-6.462755
1651510483;869170033897761;35.92;42.77;53.201655;-6.173388
1651510511;869170033897761;25.67;32.0;53.201627;-6.173365
1651510522;869170033897761;28.67;33.42;53.20157;-6.173313
1651510534;869170033897761;40.25;49.92;53.201472;-6.173258
1651510546;869170033897761;45.75;58.5;53.201417;-6.173205
1651510557;869170033897761;47.75;59.58;53.20136;-6.173793
1651510587;869170033897761;36.75;44.75;53.20109;-6.175757
1651510598;869170033897761;33.42;39.5;53.20084;-6.176025
1651510610;869170033897761;27.67;28.25;53.200088;-6.174877
1651510622;869170033897761;23.33;27.75;53.199348;-6.173297
1651510633;869170033897761;35.33;43.17;53.198415;-6.172382
1651510711;869170033897761;24.17;26.17;53.192918;-6.165775
1651510737;869170033897761;14.0;15.67;53.192437;-6.159742
1651510748;869170033897761;12.67;15.33;53.191492;-6.158195
1651510760;869170033897761;14.5;15.5;53.190767;-6.156708
1651510771;869170033897761;15.92;17.42;53.19066;-6.154987
1651510783;869170033897761;16.67;19.0;53.190043;-6.153333
1651510812;869170033897761;30.58;34.5;53.189557;-6.148995
1651510823;869170033897761;17.33;19.33;53.189448;-6.147318
1651510835;869170033897761;14.25;16.42;53.190353;-6.146097
1651510846;869170033897761;16.83;20.0;53.190325;-6.144462
1651510858;869170033897761;18.58;23.08;53.19065;-6.142657
1651510888;869170033897761;22.75;24.58;53.18978;-6.138907
1651510899;869170033897761;37.55;46.18;53.190928;-6.138388
1651510911;869170033897761;42.17;53.42;53.1925;-6.137292
1651510923;869170033897761;32.92;41.75;53.194262;-6.135417
1651510935;869170033897761;17.58;21.33;53.195902;-6.134778
1651511206;869170034052689;16.25;22.17;53.331205;-6.329688
1651511233;869170034052689;19.31;22.77;53.333512;-6.327085
1651511257;869170034052689;14.42;16.8;53.333799;-6.327432
1651511269;869170034052689;16.33;18.25;53.334105;-6.327963
1651511291;869170034052689;16.63;16.63;53.3344;-6.327803
1651511314;869170034052689;16.87;18.79;53.335373;-6.326808
1651511404;869170033897761;13.83;15.17;53.132888;-6.091523
1651511431;869170033897761;13.17;13.67;53.132525;-6.08734
1651511443;869170033897761;13.92;15.17;53.13242;-6.085935
1651511454;869170033897761;17.42;17.42;53.132473;-6.084367
1651511466;869170033897761;14.0;14.0;53.132937;-6.082358
1651511478;869170033897761;26.75;33.17;53.1331;-6.080582
1651511506;869170033897761;52.0;68.42;53.134207;-6.080517
1651511517;869170033897761;25.0;33.67;53.134633;-6.080725
1651511529;869170033897761;16.5;22.17;53.134943;-6.080667
1651511540;869170033897761;13.25;15.42;53.134947;-6.080682
1651511552;869170033897761;13.33;14.0;53.134947;-6.080682
1651514640;869170034051277;34.42;45.0;53.352383;-6.46234
1651514668;869170034051277;33.83;41.0;53.352878;-6.460595
1651514679;869170034051277;34.42;40.58;53.352127;-6.459988
1651514691;869170034051277;41.92;51.17;53.351817;-6.459052
1651514702;869170034051277;35.67;41.83;53.35227;-6.457813
1651514726;869170034051277;33.84;37.23;53.352043;-6.45669
1651514757;869170034051277;29.42;38.5;53.350633;-6.453187
1651514768;869170034051277;30.75;33.83;53.350308;-6.452105
1651514779;869170034051277;35.17;42.0;53.35009;-6.45072
1651514791;869170034051277;65.55;78.09;53.349927;-6.450232
1651514802;869170034051277;59.08;70.08;53.349927;-6.450232
1651514831;869170034051277;75.0;85.5;53.350622;-6.449758
1651514843;869170034051277;39.58;47.33;53.350877;-6.449842
1651514855;869170034051277;35.08;41.17;53.351188;-6.449918
1651514866;869170034051277;31.42;36.17;53.351338;-6.4494
1651514878;869170034051277;36.08;46.67;53.351018;-6.446497
1651514907;869170034051277;36.5;49.58;53.352052;-6.437145
1651514919;869170034051277;29.5;38.0;53.353328;-6.433715
1651514930;869170034051277;29.0;33.5;53.354745;-6.430833
1651514941;869170034051277;29.83;37.0;53.356183;-6.427937
1651514953;869170034051277;30.33;36.92;53.357715;-6.424857
1651514982;869170034051277;30.67;35.0;53.359103;-6.416502
1651514993;869170034051277;35.67;44.08;53.359015;-6.413062
1651515005;869170034051277;33.25;40.25;53.358568;-6.40941
1651515017;869170034051277;32.92;39.83;53.357812;-6.405812
1651515028;869170034051277;29.58;35.75;53.35748;-6.40274
1651515058;869170034051277;32.25;34.33;53.357248;-6.401418
1651515070;869170034051277;32.08;36.75;53.356093;-6.402292
1651515081;869170034051277;30.0;33.25;53.354743;-6.403327
1651515093;869170034051277;30.67;38.17;53.353727;-6.40363
1651515105;869170034051277;32.5;36.75;53.352777;-6.404165
1651515136;869170034051277;37.75;46.5;53.349202;-6.405202
1651515148;869170034051277;28.0;35.67;53.348307;-6.40546
1651515159;869170034051277;25.83;33.92;53.346708;-6.406077
1651515171;869170034051277;29.67;33.83;53.34479;-6.406758
1651515182;869170034051277;24.83;26.25;53.343185;-6.407355
1651515220;869170034051277;32.58;37.67;53.341073;-6.40787
1651515231;869170034051277;29.5;32.75;53.339683;-6.4081
1651515243;869170034051277;28.67;30.83;53.338385;-6.40797
1651515254;869170034051277;30.0;33.17;53.338287;-6.407955
1651515266;869170034051277;29.33;32.0;53.338288;-6.407955
1651515308;869170034051277;27.83;29.42;53.337073;-6.407743
1651515319;869170034051277;28.17;29.17;53.335302;-6.407305
1651515331;869170034051277;25.92;29.17;53.333395;-6.406788
1651515343;869170034051277;26.67;32.33;53.331702;-6.406478
1651515354;869170034051277;27.67;31.75;53.330498;-6.406455
1651515384;869170034051277;27.0;28.69;53.326075;-6.405315
1651515395;869170034051277;29.83;33.33;53.324805;-6.404933
1651515407;869170034051277;28.83;32.67;53.323782;-6.405575
1651515418;869170034051277;25.42;28.42;53.322785;-6.406137
1651515429;869170034051277;27.33;28.33;53.32188;-6.406255
1651515461;869170034051277;24.83;27.33;53.320813;-6.406047
1651515473;869170034051277;24.75;27.33;53.319452;-6.405447
1651515484;869170034051277;28.25;31.67;53.318148;-6.403645
1651515496;869170034051277;26.08;29.33;53.317347;-6.400373
1651515507;869170034051277;25.67;29.5;53.316738;-6.397442
1651515536;869170034051277;30.58;36.0;53.31464;-6.39854
1651515547;869170034051277;27.67;32.75;53.314608;-6.39946
1651515559;869170034051277;24.83;28.83;53.314628;-6.399508
1651515570;869170034051277;22.67;23.75;53.314628;-6.399508
1651515582;869170034051277;21.0;21.0;53.314628;-6.399508
1651515999;869170034043696;30.75;35.0;53.687847;-6.246328
1651516843;869170034043696;28.73;31.09;53.687758;-6.246395
1651516871;869170034043696;31.0;32.92;53.687802;-6.246395
1651516882;869170034043696;26.25;27.75;53.6878;-6.246395
1651516894;869170034043696;24.75;27.33;53.6878;-6.246393
1651516905;869170034043696;24.58;31.25;53.6878;-6.246393
1651516917;869170034043696;26.67;28.17;53.6878;-6.246393
1651516947;869170034043696;25.17;27.83;53.6878;-6.246393
1651516959;869170034043696;23.17;25.0;53.687798;-6.246393
1651516970;869170034043696;26.17;26.17;53.687798;-6.246395
1651516981;869170034043696;29.0;32.09;53.687798;-6.246395
1651516993;869170034043696;25.17;31.83;53.687675;-6.246515
1651522093;869170034051277;30.54;38.08;53.31454;-6.398828
1651522120;869170034051277;36.0;47.25;53.315728;-6.396545
1651522132;869170034051277;41.33;54.0;53.31585;-6.39645
1651522143;869170034051277;33.92;45.0;53.31585;-6.39645
1651522155;869170034051277;32.75;38.83;53.31585;-6.39645
1651522166;869170034051277;28.92;31.5;53.31585;-6.39645
1651522197;869170034051277;33.83;38.17;53.316197;-6.396488
1651522208;869170034051277;33.75;36.58;53.316722;-6.397568
1651522220;869170034051277;34.0;38.0;53.317188;-6.399545
1651522232;869170034051277;44.5;57.0;53.317563;-6.401687
1651522243;869170034051277;42.0;52.25;53.31808;-6.403588
1651522272;869170034051277;30.69;36.92;53.320667;-6.406135
1651522284;869170034051277;35.58;41.0;53.32176;-6.406308
1651522296;869170034051277;37.83;47.42;53.32283;-6.406303
1651522307;869170034051277;37.67;46.33;53.323492;-6.406128
1651522319;869170034051277;35.33;43.75;53.324465;-6.405227
1651522349;869170034051277;36.42;47.17;53.327983;-6.406118
1651522360;869170034051277;37.75;48.33;53.329438;-6.406392
1651522372;869170034051277;36.42;48.83;53.330957;-6.406507
1651522384;869170034051277;37.75;48.17;53.332073;-6.406603
1651522395;869170034051277;41.92;52.33;53.333515;-6.406848
1651522424;869170034051277;36.92;44.33;53.3372;-6.407883
1651522436;869170034051277;34.33;41.33;53.337675;-6.408002
1651522447;869170034051277;33.58;42.92;53.337675;-6.408002
1651522459;869170034051277;34.5;44.5;53.338077;-6.40807
1651522610;869170034051277;34.08;43.83;53.352578;-6.404255
1651522640;869170034051277;37.67;48.08;53.355263;-6.40379
1651522652;869170034051277;32.67;44.17;53.356622;-6.403637
1651522664;869170034051277;40.17;52.67;53.35743;-6.405253
1651522675;869170034051277;44.17;55.67;53.3582;-6.408407
1651522687;869170034051277;40.58;50.42;53.358765;-6.411783
1651522731;869170034051277;34.33;43.83;53.357583;-6.424827
1651522742;869170034051277;29.67;40.33;53.356152;-6.427683
1651522753;869170034051277;29.58;37.58;53.354785;-6.430457
1651522765;869170034051277;31.5;38.08;53.353367;-6.433323
1651522776;869170034051277;32.67;39.58;53.352177;-6.436217
1651522812;869170034051277;34.92;43.92;53.350775;-6.44747
1651522824;869170034051277;32.67;41.58;53.351185;-6.451162
1651522835;869170034051277;32.83;39.67;53.351907;-6.454263
1651522847;869170034051277;34.5;41.5;53.352993;-6.457378
1651522858;869170034051277;37.08;45.67;53.354308;-6.460058
