1659308401;869170034052879;4.07;4.4
1659308412;869170034086034;4.83;4.9
1659308414;869170034050733;1.52;1.85
1659308420;869170033930471;3.78;4.65
1659308420;869170034045121;2.92;3.02
1659308421;869170034044686;2.58;3.28
1659308422;869170033930620;7.5;8.9
1659308425;869170034063280;2.67;2.83
1659308425;869170033931073;4.26;4.87
1659308428;869170033930547;1.68;1.82
1659308437;869170034052879;4.45;4.93
1659308446;869170034081928;3.03;3.32
1659308448;869170034086034;4.78;5.58
1659308452;869170033931073;3.94;4.56
1659308460;869170034045121;2.87;3.17
1659308460;869170034044686;1.98;2.45
1659308463;869170033930547;1.53;1.95
1659308464;869170033935751;0.93;0.93
1659308473;869170034052879;3.97;4.4
1659308474;869170034050733;1.28;1.48
1659308483;869170034086034;3.25;3.55
1659308484;869170033930471;3.05;3.5
1659308485;869170033930620;9.0;10.43
1659308486;869170034063280;2.62;2.78
1659308490;869170034081928;3.28;4.0
1659308497;869170034044686;1.84;2.34
1659308499;869170033930547;1.5;1.6
1659308499;869170033935751;0.65;0.98
1659308500;869170033931073;3.8;4.03
1659308503;869170033930711;2.6;3.08
1659308509;869170034050733;1.35;1.43
1659308517;869170034045121;2.95;3.15
1659308519;869170034086034;3.8;4.3
1659308520;869170033930471;2.82;3.4
1659308520;869170033930620;8.03;8.85
1659308522;869170034063280;3.22;3.42
1659308526;869170033931073;3.82;5.02
1659308530;869170034044686;2.32;2.95
1659308530;869170034052879;4.27;4.58
1659308531;869170034081928;3.23;4.12
1659308534;869170033930547;1.45;1.57
1659308535;869170033935751;0.63;1.42
1659308544;869170034050733;1.12;1.45
1659308552;869170034045121;3.52;4.47
1659308554;869170034086034;4.03;5.03
1659308555;869170033930471;2.88;3.08
1659308555;869170033930620;6.9;7.32
1659308557;869170033931073;3.42;3.84
1659308557;869170034063280;3.18;3.38
1659308564;869170033930711;2.43;2.71
1659308566;869170034044686;2.27;3.23
1659308567;869170034081928;3.67;3.92
1659308571;869170033935751;0.77;0.8
1659308571;869170034052879;4.18;4.75
1659308577;869170033930547;1.42;1.57
1659308579;869170034050733;0.94;1.11
1659308587;869170034045121;3.2;3.96
1659308590;869170033930471;3.08;3.43
1659308592;869170033931073;3.78;4.27
1659308592;869170034063280;3.93;3.97
1659308596;869170033930711;2.55;3.1
1659308596;869170033930620;5.82;6.68
1659308602;869170034081928;3.45;3.82
1659308606;869170034052879;4.95;6.05
1659308607;869170033935751;0.97;1.1
1659308614;869170034050733;1.25;1.45
1659308614;869170034086034;4.6;5.1
1659308619;869170034044686;2.45;3.23
1659308623;869170034045121;2.85;3.08
1659308625;869170033930471;3.63;4.3
1659308627;869170033931073;4.38;4.92
1659308627;869170034063280;3.35;3.38
1659308640;869170033930620;6.73;7.63
1659308642;869170034052879;4.3;4.3
1659308643;869170033930547;1.75;1.87
1659308649;869170034086034;4.04;4.34
1659308652;869170034044686;3.05;3.92
1659308655;869170033930711;2.48;2.48
1659308658;869170034045121;2.97;3.26
1659308661;869170034081928;3.52;4.02
1659308668;869170033935751;0.72;0.72
1659308672;869170034050733;1.33;1.52
1659308678;869170034052879;4.35;4.65
1659308685;869170034086034;4.22;5.35
1659308686;869170033931073;3.68;4.13
1659308687;869170033930547;1.92;2.37
1659308687;869170033930471;3.63;3.9
1659308688;869170034063280;3.52;4.08
1659308691;869170034044686;3.12;3.73
1659308697;869170034081928;3.96;4.84
1659308704;869170033935751;0.95;1.12
1659308707;869170034050733;1.3;1.52
1659308709;869170033930620;6.28;6.78
1659308717;869170034045121;3.4;3.93
1659308720;869170034086034;5.0;5.4
1659308721;869170033931073;3.93;4.33
1659308722;869170033930711;2.65;3.0
1659308722;869170034063280;3.4;4.32
1659308722;869170033930471;2.72;3.46
1659308725;869170033930547;1.65;1.93
1659308731;869170034044686;2.13;3.07
1659308732;869170034081928;3.87;4.08
1659308735;869170034052879;5.53;5.9
1659308740;869170033935751;1.02;1.18
1659308742;869170034050733;1.18;1.82
1659308748;869170033930620;6.0;6.95
1659308752;869170034063280;3.6;4.47
1659308752;869170034045121;3.0;3.6
1659308756;869170034086034;4.43;5.17
1659308756;869170033931073;4.1;4.32
1659308757;869170033930471;3.18;3.74
1659308761;869170033930547;1.95;2.22
1659308767;869170034081928;3.18;4.23
1659308768;869170034044686;2.42;2.77
1659308776;869170033935751;0.98;0.98
1659308776;869170034052879;4.82;5.13
1659308777;869170034050733;1.22;1.75
1659308779;869170034063280;3.87;4.58
1659308783;869170033930620;6.32;6.85
1659308786;869170033930711;2.28;2.83
1659308790;869170034045121;2.88;3.52
1659308791;869170033931073;3.8;4.8
1659308792;869170033930471;2.9;3.37
1659308796;869170033930547;1.75;1.75
1659308801;869170034081928;3.65;4.22
1659308811;869170033935751;1.08;1.28
1659308811;869170034063280;5.02;6.13
1659308812;869170034050733;1.6;1.6
1659308812;869170034052879;4.62;5.22
1659308817;869170034086034;6.8;7.46
1659308818;869170033930620;5.85;6.78
1659308826;869170033931073;3.87;4.31
1659308827;869170033930471;2.33;2.35
1659308827;869170034044686;2.83;3.17
1659308833;869170034045121;3.37;3.5
1659308848;869170034052879;4.55;4.77
1659308852;869170034086034;6.1;6.27
1659308853;869170033930620;5.67;5.93
1659308856;869170034081928;3.25;3.98
1659308856;869170033930547;1.95;2.32
1659308863;869170034044686;2.93;3.67
1659308868;869170034045121;2.2;2.92
1659308870;869170033935751;1.07;1.13
1659308871;869170034050733;1.38;1.38
1659308874;869170034063280;4.93;4.93
1659308883;869170034081928;3.07;3.93
1659308885;869170033931073;4.37;4.87
1659308887;869170034086034;6.74;7.79
1659308889;869170033930471;2.1;2.52
1659308892;869170033930547;2.14;2.35
1659308897;869170034044686;3.06;3.27
1659308905;869170033935751;1.0;1.0
1659308906;869170034050733;1.52;1.52
1659308909;869170034063280;4.92;5.13
1659308914;869170034081928;3.43;4.1
1659308917;869170033930620;4.68;4.98
1659308919;869170033931073;3.86;4.2
1659308923;869170034086034;6.75;8.0
1659308924;869170033930471;2.0;2.17
1659308927;869170033930547;1.38;1.83
1659308927;869170034045121;3.36;3.85
1659308928;869170034044686;3.03;3.5
1659308940;869170033935751;0.83;0.83
1659308941;869170034050733;1.7;2.15
1659308941;869170034052879;4.35;4.77
1659308944;869170034063280;4.67;5.67
1659308948;869170034081928;4.03;4.87
1659308948;869170033931073;3.22;3.39
1659308952;869170033930620;6.45;7.75
1659308953;869170034086034;7.35;8.55
1659308960;869170033930471;1.48;1.67
1659308961;869170034045121;2.93;2.93
1659308963;869170033930547;1.7;1.7
1659308964;869170034044686;2.36;3.19
1659308971;869170033935751;0.66;1.32
1659308975;869170033931073;3.3;3.5
1659308976;869170034050733;1.37;1.77
1659308979;869170034063280;4.88;5.57
1659308981;869170034052879;4.57;4.93
1659308983;869170034081928;3.47;3.78
1659308987;869170033930711;1.95;2.2
1659308987;869170033930620;5.8;6.43
1659308989;869170034045121;3.5;3.77
1659308998;869170033930547;1.77;2.04
1659309001;869170033930471;1.22;1.38
1659309002;869170033931073;3.86;4.51
1659309004;869170033935751;1.6;1.77
1659309011;869170034050733;2.2;2.63
1659309014;869170034063280;4.15;4.9
1659309014;869170034086034;4.05;4.23
1659309016;869170034045121;3.65;3.89
1659309017;869170034052879;4.82;5.17
1659309022;869170033930620;5.45;5.78
1659309026;869170034044686;5.0;6.2
1659309042;869170034081928;3.67;3.77
1659309043;869170034045121;3.07;3.5
1659309044;869170033930471;1.0;1.18
1659309049;869170034086034;5.13;5.93
1659309051;869170033931073;3.93;4.43
1659309053;869170034052879;4.32;5.45
1659309054;869170033930711;2.21;2.56
1659309057;869170033930620;6.37;6.6
1659309057;869170033930547;1.38;1.62
1659309061;869170033935751;0.8;1.23
1659309062;869170034044686;2.9;3.7
1659309070;869170034050733;1.65;2.27
1659309075;869170034063280;4.78;4.83
1659309077;869170034081928;3.38;3.58
1659309078;869170033931073;4.07;5.2
1659309085;869170034086034;5.95;6.82
1659309088;869170033935751;1.47;1.8
1659309089;869170034052879;5.03;5.55
1659309090;869170033930711;1.8;2.05
1659309092;869170033930547;1.58;1.73
1659309092;869170034045121;3.4;4.4
1659309098;869170034044686;3.34;3.71
1659309105;869170033931073;3.77;4.67
1659309105;869170034050733;1.72;2.2
1659309110;869170034063280;3.95;4.1
1659309111;869170034081928;2.88;3.33
1659309112;869170033930471;1.12;1.12
1659309115;869170033935751;0.9;1.9
1659309116;869170034086034;5.18;5.98
1659309121;869170033930620;5.57;6.13
1659309125;869170034045121;3.7;4.37
1659309128;869170033930547;1.58;1.58
1659309132;869170033931073;4.85;5.65
1659309133;869170034044686;2.5;3.07
1659309140;869170034050733;1.52;1.9
1659309142;869170033935751;0.63;1.1
1659309145;869170034081928;3.3;3.77
1659309145;869170034063280;3.68;4.6
1659309147;869170034086034;5.12;5.42
1659309147;869170034052879;4.63;4.63
1659309148;869170033930471;1.28;1.32
1659309156;869170033930620;5.03;5.65
1659309159;869170033931073;3.63;5.1
1659309160;869170034045121;3.97;4.38
1659309163;869170033930547;1.1;1.33
1659309164;869170034044686;4.8;5.9
1659309164;869170033930711;1.83;2.05
1659309169;869170033935751;0.87;1.27
1659309175;869170034050733;1.12;1.22
1659309180;869170034081928;3.69;5.09
1659309180;869170034063280;4.7;5.22
1659309183;869170033930471;1.22;1.32
1659309184;869170034052879;4.83;5.37
1659309191;869170033930620;5.6;5.98
1659309195;869170034045121;3.64;4.02
1659309199;869170033930547;1.37;1.67
1659309204;869170033930711;2.63;2.93
1659309207;869170034086034;5.2;5.23
1659309209;869170033931073;3.87;4.57
1659309212;869170034063280;4.5;5.47
1659309217;869170033935751;1.03;1.1
1659309218;869170034050733;1.37;1.47
1659309218;869170033930471;1.25;1.52
1659309220;869170034052879;4.57;4.7
1659309222;869170034044686;2.6;3.87
1659309226;869170033930620;4.63;5.37
1659309231;869170034045121;3.93;4.53
1659309236;869170033931073;3.67;4.37
1659309240;869170034081928;4.06;4.47
1659309243;869170033935751;0.57;0.57
1659309243;869170034086034;5.58;6.28
1659309253;869170033930471;1.42;1.68
1659309254;869170034044686;2.48;3.0
1659309256;869170034052879;5.13;5.28
1659309257;869170033930547;1.47;1.87
1659309261;869170033930620;6.3;6.38
1659309263;869170033931073;3.53;4.27
1659309263;869170034063280;4.35;4.35
1659309265;869170033930711;1.7;2.05
1659309270;869170033935751;0.46;0.56
1659309276;869170034081928;4.17;4.51
1659309286;869170034086034;4.5;5.48
1659309286;869170034050733;1.75;1.88
1659309289;869170034045121;3.7;4.65
1659309290;869170033931073;3.7;3.83
1659309290;869170034063280;4.25;4.65
1659309292;869170034052879;4.13;4.4
1659309293;869170033930547;1.78;2.08
1659309294;869170034044686;2.85;3.45
1659309297;869170033935751;1.03;1.4
1659309299;869170033930711;2.1;2.45
1659309311;869170034081928;4.12;4.35
1659309314;869170033930471;1.12;1.12
1659309317;869170033931073;4.1;4.5
1659309321;869170034086034;5.71;5.96
1659309323;869170033930620;4.83;5.73
1659309324;869170033935751;0.85;0.85
1659309324;869170034045121;4.72;5.27
1659309325;869170034063280;3.99;4.14
1659309329;869170034050733;1.33;1.47
1659309331;869170034044686;2.83;4.9
1659309336;869170033930547;1.57;1.73
1659309346;869170034081928;4.37;5.05
1659309350;869170033930471;1.18;1.22
1659309356;869170034052879;3.93;4.33
1659309358;869170033930620;5.05;6.7
1659309359;869170034045121;5.1;5.68
1659309360;869170034063280;4.22;4.82
1659309368;869170034044686;2.78;3.91
1659309370;869170033931073;3.72;4.08
1659309372;869170034050733;1.53;1.73
1659309373;869170033935751;0.87;1.13
1659309375;869170033930547;1.75;2.05
1659309381;869170034081928;4.2;5.05
1659309385;869170033930471;0.77;1.0
1659309393;869170033930620;4.68;5.32
1659309393;869170034052879;4.25;5.07
1659309395;869170034063280;5.13;5.54
1659309395;869170034045121;4.08;4.93
1659309398;869170033930711;2.05;2.25
1659309399;869170033935751;1.05;1.05
1659309406;869170033931073;3.73;4.28
1659309410;869170033930547;1.38;1.7
1659309411;869170034050733;1.38;1.38
1659309420;869170033930471;0.83;1.41
1659309421;869170034086034;4.93;5.73
1659309426;869170033935751;0.78;1.05
1659309428;869170033930620;4.72;5.48
1659309428;869170034044686;2.78;4.25
1659309429;869170034052879;4.01;4.68
1659309430;869170034045121;4.85;5.55
1659309435;869170033931073;3.62;4.02
1659309439;869170034081928;5.68;6.2
1659309447;869170034050733;1.53;1.87
1659309455;869170033930471;1.28;1.55
1659309457;869170034063280;5.75;6.5
1659309460;869170033935751;0.68;0.82
1659309461;869170034086034;5.45;5.8
1659309462;869170034044686;2.5;3.5
1659309463;869170033930620;4.87;6.55
1659309463;869170034052879;4.22;4.72
1659309468;869170033931073;3.75;4.27
1659309468;869170033930547;1.49;1.85
1659309475;869170034081928;4.27;4.88
1659309491;869170034045121;7.13;7.78
1659309492;869170033930711;2.3;3.15
1659309492;869170034063280;5.37;5.48
1659309495;869170033935751;0.5;0.57
1659309495;869170034044686;2.77;3.23
1659309496;869170034086034;5.35;6.15
1659309499;869170034052879;4.1;4.73
1659309503;869170033931073;3.53;4.75
1659309503;869170033930547;2.03;2.3
1659309508;869170034050733;1.73;2.0
1659309510;869170034081928;4.37;5.0
1659309513;869170033930471;1.13;1.3
1659309523;869170033930620;4.63;5.53
1659309525;869170034044686;3.0;3.35
1659309526;869170034045121;6.0;7.53
1659309527;869170034063280;5.53;6.32
1659309531;869170034086034;5.57;6.08
1659309539;869170033930547;1.38;1.55
1659309545;869170034081928;4.93;5.74
1659309549;869170033930471;1.02;1.47
1659309549;869170034050733;1.2;1.2
1659309552;869170033935751;1.18;1.32
1659309554;869170033930711;1.65;2.35
1659309558;869170033930620;4.94;5.18
1659309562;869170034063280;4.8;5.81
1659309562;869170034045121;6.22;6.62
1659309562;869170033931073;4.35;5.1
1659309564;869170034044686;2.52;3.35
1659309564;869170034052879;4.97;6.33
1659309566;869170034086034;7.25;7.8
1659309574;869170033930547;1.3;1.57
1659309580;869170034081928;6.05;6.92
1659309585;869170033930471;1.12;1.63
1659309585;869170034050733;1.57;1.57
1659309587;869170033935751;1.09;1.23
1659309589;869170033930711;1.65;1.75
1659309593;869170033930620;4.35;4.6
1659309597;869170034063280;5.18;5.67
1659309597;869170034045121;5.83;6.64
1659309597;869170033931073;3.78;4.45
1659309600;869170034052879;4.38;4.47
1659309610;869170033930547;1.4;1.71
1659309621;869170033930471;1.67;1.98
1659309621;869170034050733;1.35;1.65
1659309622;869170033935751;0.69;0.97
1659309625;869170034044686;2.69;2.97
1659309627;869170034086034;5.64;5.89
1659309628;869170033930620;5.4;6.08
1659309632;869170033931073;4.65;4.98
1659309633;869170034045121;4.53;5.31
1659309636;869170034052879;4.16;4.83
1659309638;869170034081928;4.43;4.73
1659309656;869170033930471;1.12;1.32
1659309657;869170034050733;1.68;1.75
1659309657;869170033935751;0.75;1.02
1659309659;869170034063280;5.07;6.1
1659309663;869170033930620;6.63;6.93
1659309663;869170034044686;2.22;2.79
1659309663;869170034086034;6.9;7.25
1659309665;869170034081928;5.1;6.05
1659309667;869170034052879;4.83;5.27
1659309667;869170033931073;4.43;5.17
1659309668;869170033930547;1.4;1.79
1659309691;869170034045121;5.73;6.62
1659309692;869170034081928;4.65;5.8
1659309693;869170033935751;1.05;1.12
1659309693;869170034063280;5.28;5.7
1659309698;869170034052879;4.48;4.58
1659309698;869170034086034;5.99;6.46
1659309702;869170033931073;5.05;5.7
1659309703;869170033930547;1.37;1.53
1659309716;869170033930471;1.22;1.48
1659309717;869170034050733;1.35;1.35
1659309723;869170034063280;4.93;5.23
1659309725;869170033930620;5.15;6.28
1659309726;869170034081928;5.45;6.04
1659309726;869170034045121;5.87;6.2
1659309734;869170034086034;5.15;5.65
1659309735;869170034044686;2.85;3.48
1659309738;869170033930547;1.43;1.43
1659309750;869170034063280;5.55;6.08
1659309752;869170033930711;1.06;1.49
1659309752;869170033930471;1.4;1.65
1659309752;869170033935751;0.67;0.73
1659309753;869170034050733;1.65;1.97
1659309759;869170034081928;5.3;6.25
1659309759;869170034052879;5.54;5.74
1659309760;869170033930620;4.92;5.78
1659309761;869170034045121;5.7;6.0
1659309761;869170033931073;4.73;5.37
1659309766;869170034044686;2.55;3.58
1659309769;869170034086034;6.2;7.3
1659309774;869170033930547;1.08;1.35
1659309782;869170034063280;4.82;5.18
1659309787;869170033930471;1.7;1.73
1659309788;869170034050733;1.02;1.63
1659309788;869170034052879;5.2;5.77
1659309788;869170033935751;0.87;0.87
1659309795;869170033930620;4.38;4.75
1659309797;869170033931073;5.45;6.25
1659309798;869170034045121;6.67;7.43
1659309809;869170033930547;1.11;1.31
1659309815;869170034052879;4.97;5.23
1659309817;869170034081928;6.38;6.95
1659309818;869170034044686;2.6;2.6
1659309822;869170033930471;1.43;1.83
1659309823;869170034050733;1.23;2.17
1659309823;869170033935751;0.65;0.65
1659309830;869170033930620;5.17;5.58
1659309831;869170034086034;6.05;6.25
1659309832;869170033931073;4.58;4.68
1659309833;869170034045121;6.43;7.02
1659309842;869170034052879;6.61;7.47
1659309842;869170034063280;4.63;4.88
1659309852;869170034081928;7.95;8.88
1659309852;869170034044686;2.58;2.78
1659309857;869170033930471;1.18;1.35
1659309858;869170034050733;1.52;1.52
1659309858;869170033935751;0.92;1.05
1659309865;869170033930620;5.07;5.38
1659309866;869170034086034;5.4;5.97
1659309867;869170033931073;4.4;4.6
1659309868;869170033930547;1.7;1.8
1659309870;869170034052879;5.7;6.35
1659309877;869170034063280;5.73;6.96
1659309884;869170033930711;1.43;1.5
1659309887;869170034081928;6.87;7.57
1659309889;869170034044686;2.7;3.07
1659309893;869170033935751;0.58;0.95
1659309893;869170034045121;6.15;6.4
1659309901;869170034086034;6.86;7.03
1659309902;869170033931073;4.65;5.3
1659309903;869170033930547;1.62;2.0
1659309912;869170034063280;5.88;5.88
1659309914;869170034050733;1.37;1.73
1659309919;869170033930471;1.35;1.48
1659309921;869170034081928;6.13;7.05
1659309927;869170034052879;5.23;5.4
1659309928;869170034045121;5.08;6.03
1659309929;869170034044686;2.89;3.17
1659309937;869170034086034;6.53;6.78
1659309939;869170033930547;1.1;1.22
1659309947;869170034063280;4.97;5.4
1659309948;869170034050733;1.68;1.75
1659309952;869170033935751;0.69;0.92
1659309954;869170033930471;1.81;2.08
1659309955;869170034081928;6.43;7.77
1659309961;869170033930620;4.37;5.43
1659309963;869170034052879;4.41;4.85
1659309963;869170033931073;5.37;6.97
1659309964;869170034045121;5.72;7.15
1659309965;869170034044686;2.58;3.55
1659309972;869170034086034;6.4;7.08
1659309974;869170033930547;1.55;1.65
1659309982;869170034063280;5.5;5.88
1659309983;869170034050733;1.47;1.77
1659309987;869170033935751;0.97;1.1
1659309989;869170033930471;1.64;2.04
1659309992;869170034045121;4.05;4.85
1659309992;869170034052879;4.97;5.07
1659309994;869170033930711;1.63;1.75
1659309996;869170033930620;4.83;5.03
1659309999;869170033931073;5.02;5.47
1659310009;869170033930547;1.45;1.68
1659310010;869170034050733;1.59;1.75
1659310015;869170034081928;7.88;9.23
1659310019;869170034045121;4.6;4.75
1659310019;869170034052879;4.7;5.95
1659310022;869170033935751;0.97;0.97
1659310022;869170034044686;2.2;2.48
1659310024;869170033930471;1.6;1.98
1659310031;869170033930620;4.4;4.58
1659310034;869170033931073;5.5;5.6
1659310035;869170034086034;6.68;7.48
1659310040;869170034050733;1.42;1.75
1659310044;869170034063280;4.84;5.48
1659310046;869170034052879;4.75;5.3
1659310050;869170034081928;9.02;9.67
1659310057;869170033935751;1.62;1.78
1659310057;869170034044686;2.7;2.8
1659310059;869170033930471;1.53;1.63
1659310066;869170033930620;4.85;5.18
1659310066;869170033930547;1.8;1.87
1659310067;869170034045121;4.98;6.1
1659310069;869170033931073;5.7;6.13
1659310070;869170034086034;6.79;7.57
1659310079;869170034063280;5.33;5.68
1659310085;869170034081928;8.02;9.52
1659310086;869170034044686;3.03;3.77
1659310091;869170034050733;1.53;1.87
1659310092;869170033935751;0.93;0.93
1659310097;869170033930711;0.85;1.45
1659310099;869170034045121;5.78;6.3
1659310099;869170034052879;4.82;5.72
1659310101;869170033930547;1.6;1.77
1659310104;869170033931073;5.52;5.78
1659310106;869170034086034;5.73;6.17
1659310114;869170034063280;5.58;6.93
1659310118;869170034050733;1.5;1.9
1659310120;869170034081928;7.57;8.47
1659310120;869170033930471;1.23;1.58
1659310123;869170034044686;2.8;3.33
1659310128;869170033930620;4.05;4.45
1659310134;869170034045121;4.52;4.92
1659310134;869170034052879;4.91;5.21
1659310136;869170033930547;1.2;1.43
1659310141;869170034086034;6.29;6.59
1659310145;869170034050733;1.27;1.63
1659310149;869170034063280;5.58;6.13
1659310152;869170033935751;0.93;1.27
1659310155;869170034081928;7.82;9.55
1659310155;869170033931073;5.32;5.66
1659310155;869170033930471;1.25;1.32
1659310159;869170034044686;2.28;2.53
1659310163;869170033930620;4.7;5.0
1659310168;869170034052879;4.98;5.53
1659310169;869170034045121;5.13;5.68
1659310171;869170033930547;1.15;1.48
1659310172;869170034050733;1.23;1.23
1659310177;869170034086034;6.05;7.31
1659310181;869170033931073;5.6;5.83
1659310183;869170034063280;5.23;5.67
1659310187;869170033935751;1.07;1.13
1659310190;869170033930471;1.42;1.55
1659310195;869170034052879;5.17;5.4
1659310198;869170033930620;4.95;5.87
1659310199;869170034050733;1.87;1.87
1659310204;869170034045121;3.92;4.2
1659310206;869170033930547;1.2;1.57
1659310207;869170033931073;5.2;5.3
1659310214;869170034081928;6.95;8.4
1659310219;869170034044686;2.85;3.37
1659310222;869170034052879;5.23;5.83
1659310222;869170033935751;0.79;0.79
1659310226;869170033930471;1.65;1.75
1659310233;869170033930620;4.02;4.7
1659310233;869170034086034;6.88;7.45
1659310234;869170033931073;5.07;5.37
1659310234;869170034063280;4.53;5.27
1659310247;869170034050733;1.37;1.43
1659310249;869170034081928;6.65;7.6
1659310256;869170034044686;2.67;3.26
1659310257;869170033935751;0.81;0.81
1659310261;869170033931073;4.5;4.8
1659310261;869170034063280;5.17;6.33
1659310263;869170033930547;1.13;1.33
1659310263;869170034045121;4.3;4.85
1659310268;869170033930620;3.77;5.12
1659310268;869170033930471;1.42;1.55
1659310268;869170034086034;6.31;7.11
1659310274;869170034050733;1.6;1.87
1659310274;869170034052879;4.18;4.98
1659310284;869170034081928;9.3;10.1
1659310289;869170034063280;5.1;5.47
1659310291;869170034044686;2.72;3.07
1659310292;869170033935751;0.9;1.26
1659310298;869170033930547;0.77;0.83
1659310298;869170034045121;3.75;4.58
1659310301;869170034050733;1.93;2.23
1659310303;869170034086034;5.56;5.98
1659310309;869170034052879;4.68;4.85
1659310311;869170033931073;4.48;4.72
1659310319;869170034081928;10.73;12.17
1659310324;869170034063280;5.83;6.12
1659310325;869170033930711;1.58;1.58
1659310328;869170034050733;1.63;1.97
1659310328;869170034044686;2.91;3.82
1659310330;869170033930620;5.18;6.28
1659310334;869170033930547;1.02;1.48
1659310334;869170034045121;3.73;4.77
1659310338;869170033931073;4.77;5.0
1659310339;869170034086034;6.2;6.65
1659310339;869170033930471;1.02;1.02
1659310345;869170034052879;4.61;5.4
1659310352;869170033935751;0.98;1.25
1659310354;869170034081928;12.7;13.9
1659310355;869170034050733;1.67;1.8
1659310358;869170033930711;1.54;1.7
1659310359;869170034044686;2.57;2.97
1659310359;869170034063280;5.48;5.87
1659310365;869170033931073;4.77;5.57
1659310366;869170033930620;5.5;5.7
1659310369;869170033930547;1.27;1.37
1659310369;869170034045121;4.65;5.0
1659310373;869170034086034;6.01;6.93
1659310375;869170033930471;1.43;1.7
1659310379;869170034052879;5.03;5.33
1659310387;869170033935751;1.33;1.6
1659310392;869170033931073;4.9;5.0
1659310401;869170033930620;4.42;5.13
1659310403;869170034050733;1.43;1.6
1659310405;869170033930547;0.83;1.0
1659310405;869170034045121;3.95;4.45
1659310406;869170034052879;5.0;5.67
1659310410;869170033930471;1.12;1.23
1659310413;869170034081928;11.3;13.53
1659310416;869170034044686;2.75;3.78
1659310419;869170033931073;5.25;5.5
1659310421;869170034063280;5.6;5.6
1659310422;869170033935751;0.96;1.42
1659310427;869170034086034;4.95;4.95
1659310430;869170034050733;1.53;1.53
1659310436;869170033930620;4.7;5.72
1659310440;869170034081928;11.7;12.63
1659310445;869170033930471;1.17;1.6
1659310445;869170033930711;1.73;1.84
1659310450;869170033935751;1.77;2.1
1659310455;869170034052879;4.5;4.88
1659310456;869170034044686;2.03;3.12
1659310456;869170034063280;5.58;6.33
1659310458;869170034050733;1.3;1.3
1659310462;869170034086034;5.4;5.92
1659310463;869170033930547;1.22;1.22
1659310467;869170034081928;11.9;13.65
1659310467;869170033931073;4.43;5.3
1659310467;869170034045121;3.53;4.15
1659310471;869170033930620;4.62;5.52
1659310477;869170033935751;1.37;1.63
1659310480;869170033930471;1.55;1.75
1659310490;869170034052879;4.4;4.43
1659310491;869170034063280;4.68;5.05
1659310493;869170034050733;1.82;1.9
1659310493;869170034044686;2.27;2.63
1659310494;869170033931073;4.37;5.13
1659310498;869170034086034;5.85;5.9
1659310498;869170033930547;1.0;1.0
1659310499;869170034081928;11.22;13.02
1659310502;869170034045121;3.88;4.78
1659310507;869170033930711;1.85;1.85
1659310521;869170033931073;4.1;4.47
1659310526;869170034063280;5.1;6.12
1659310526;869170034052879;5.13;5.76
1659310526;869170033935751;1.25;1.87
1659310528;869170034050733;1.78;1.85
1659310528;869170034044686;2.33;2.57
1659310533;869170034086034;5.37;5.5
1659310533;869170033930547;0.92;1.08
1659310533;869170033930620;4.3;5.33
1659310534;869170033930711;1.76;1.76
1659310537;869170034045121;4.48;5.45
1659310540;869170034081928;12.37;14.42
1659310541;869170033930471;1.25;1.45
1659310548;869170033931073;3.55;4.63
1659310557;869170033935751;1.05;1.18
1659310561;869170034086034;4.35;4.62
1659310561;869170034063280;5.2;6.55
1659310561;869170034052879;4.87;5.3
1659310568;869170033930620;4.57;5.23
1659310569;869170033930547;0.87;0.95
1659310573;869170034045121;3.88;4.43
1659310576;869170033930471;1.52;1.58
1659310579;869170033931073;4.22;4.48
1659310586;869170034050733;1.25;1.63
1659310590;869170034052879;4.03;4.3
1659310592;869170033935751;1.0;1.27
1659310600;869170033930547;0.9;0.9
1659310603;869170033930620;4.08;4.57
1659310604;869170034081928;11.38;12.78
1659310608;869170034045121;3.92;4.67
1659310611;869170033930471;1.2;1.27
1659310617;869170034086034;5.05;5.69
1659310621;869170034050733;1.35;1.62
1659310622;869170034044686;2.85;3.87
1659310623;869170034063280;5.13;5.7
1659310627;869170033935751;0.97;1.22
1659310636;869170033931073;4.69;5.51
1659310638;869170033930620;3.87;4.93
1659310639;869170034052879;4.84;5.51
1659310640;869170034081928;11.38;12.37
1659310646;869170033930471;1.17;1.18
1659310649;869170033930547;1.44;1.57
1659310652;869170034086034;5.78;5.88
1659310656;869170034050733;1.57;1.77
1659310658;869170034063280;5.25;5.7
1659310658;869170034044686;2.3;3.37
1659310662;869170033935751;1.03;1.23
1659310666;869170034045121;4.23;4.6
1659310671;869170033931073;4.13;4.5
1659310673;869170033930620;4.94;5.35
1659310674;869170034052879;4.7;5.27
1659310675;869170034081928;11.12;12.05
1659310676;869170033930547;0.92;0.92
1659310681;869170033930471;2.17;2.27
1659310687;869170034086034;5.44;5.91
1659310688;869170034044686;2.18;2.45
1659310691;869170034050733;1.13;1.93
1659310692;869170034063280;5.25;5.45
1659310701;869170034045121;4.98;5.68
1659310706;869170033931073;4.25;5.28
1659310709;869170033930547;1.07;1.07
1659310710;869170034081928;10.64;10.92
1659310710;869170034052879;4.54;5.21
1659310721;869170034063280;4.6;5.1
1659310722;869170033935751;1.07;1.2
1659310723;869170034086034;6.28;6.67
1659310723;869170034044686;3.2;3.92
1659310726;869170034050733;2.03;2.23
1659310736;869170033930620;3.63;3.73
1659310737;869170034045121;6.38;6.43
1659310740;869170034081928;8.73;9.68
1659310741;869170033931073;4.5;5.67
1659310742;869170033930471;2.55;2.72
1659310744;869170033930547;1.02;1.05
1659310746;869170034052879;4.85;5.35
1659310748;869170034063280;5.58;6.08
1659310750;869170034086034;5.45;5.8
1659310757;869170033935751;1.43;1.73
1659310764;869170034044686;2.8;3.38
1659310770;869170033930620;3.75;5.33
1659310772;869170034045121;4.6;4.9
1659310776;869170033931073;4.12;4.35
1659310778;869170033930471;2.82;2.95
1659310779;869170033930547;0.8;1.03
1659310780;869170034052879;5.4;6.35
1659310786;869170034050733;1.97;2.22
1659310792;869170033935751;1.13;1.32
1659310801;869170034081928;9.72;11.42
1659310802;869170034086034;5.46;5.64
1659310805;869170033930620;3.6;3.9
1659310806;869170034063280;5.0;5.52
1659310810;869170034045121;4.73;4.98
1659310814;869170033930471;2.73;2.95
1659310821;869170034050733;1.53;1.77
1659310824;869170034044686;2.47;2.9
1659310827;869170033935751;0.88;1.05
1659310828;869170034052879;5.1;5.15
1659310832;869170033931073;4.48;4.85
1659310835;869170033930547;0.71;1.02
1659310838;869170034086034;5.5;6.6
1659310840;869170033930620;3.8;4.25
1659310841;869170034063280;4.32;5.42
1659310845;869170034081928;9.97;11.4
1659310849;869170033930471;4.03;5.32
1659310856;869170034050733;1.48;2.05
1659310859;869170034044686;2.73;3.12
1659310862;869170033935751;0.87;0.87
1659310863;869170034052879;4.0;4.68
1659310866;869170033931073;4.9;5.3
1659310868;869170034045121;4.05;4.83
1659310869;869170033930711;1.78;2.03
1659310870;869170033930547;0.82;0.99
1659310874;869170034086034;6.17;6.39
1659310876;869170033930620;3.95;4.23
1659310876;869170034063280;4.24;4.49
1659310884;869170033930471;4.13;4.42
1659310887;869170034081928;9.67;11.58
1659310891;869170034050733;1.7;2.13
1659310896;869170034044686;2.52;3.0
1659310899;869170034052879;3.99;4.23
1659310901;869170033931073;4.15;4.15
1659310903;869170034045121;5.05;6.38
1659310905;869170033930711;1.33;1.38
1659310906;869170034086034;7.0;7.0
1659310906;869170033930547;0.7;0.73
1659310911;869170034063280;4.47;4.93
1659310922;869170033935751;1.33;1.47
1659310923;869170034081928;9.07;11.62
1659310925;869170034044686;3.57;4.47
1659310926;869170034050733;2.01;2.47
1659310933;869170034086034;6.3;6.3
1659310934;869170033930620;4.08;5.53
1659310935;869170034052879;3.75;3.88
1659310936;869170033931073;4.18;4.5
1659310938;869170034045121;5.28;6.83
1659310941;869170033930547;1.17;1.4
1659310943;869170033930711;1.15;1.4
1659310944;869170033930471;3.5;3.81
1659310946;869170034063280;4.95;5.52
1659310957;869170034044686;3.23;3.6
1659310957;869170033935751;0.83;1.2
1659310958;869170034081928;9.18;11.42
1659310969;869170033930620;3.69;4.21
1659310971;869170034052879;4.05;4.25
1659310973;869170034045121;4.97;5.9
1659310977;869170033930547;0.8;0.97
1659310979;869170033931073;3.72;4.5
1659310979;869170033930471;3.7;4.23
1659310985;869170034050733;1.97;1.97
1659310986;869170034086034;6.05;6.45
1659310992;869170033935751;1.07;1.07
1659311000;869170034045121;4.5;5.0
1659311004;869170033930620;3.7;3.83
1659311006;869170033930471;3.37;3.53
1659311009;869170034063280;4.94;5.51
1659311013;869170034044686;2.78;3.82
1659311017;869170034081928;10.6;12.52
1659311020;869170034050733;1.5;1.67
1659311021;869170034052879;3.75;4.08
1659311022;869170034086034;6.25;6.25
1659311027;869170033935751;1.22;1.22
1659311033;869170033930471;3.2;3.33
1659311036;869170033930547;0.84;0.97
1659311039;869170033930620;3.2;3.2
1659311044;869170034063280;5.37;5.57
1659311045;869170033931073;3.62;3.88
1659311049;869170034045121;4.3;5.45
1659311055;869170034050733;1.41;1.41
1659311056;869170034052879;5.78;5.88
1659311056;869170034044686;2.9;3.78
1659311057;869170034086034;5.03;5.99
1659311059;869170034081928;10.6;11.95
1659311060;869170033930471;3.07;3.3
1659311062;869170033935751;1.08;1.2
1659311071;869170033930547;0.53;0.53
1659311074;869170033930620;3.8;3.93
1659311076;869170033930711;1.23;2.08
1659311076;869170034045121;4.87;5.63
1659311079;869170034063280;4.45;5.25
1659311089;869170034086034;6.7;6.85
1659311089;869170033931073;3.37;3.47
1659311090;869170034050733;1.2;1.2
1659311092;869170034052879;4.13;4.6
1659311093;869170034081928;10.65;12.8
1659311094;869170034044686;2.95;3.38
1659311106;869170034045121;4.45;5.0
1659311106;869170033930547;0.67;0.67
1659311110;869170033930471;2.67;2.67
1659311114;869170034063280;4.77;5.05
1659311116;869170034086034;5.95;5.95
1659311120;869170034081928;8.92;10.33
1659311121;869170033935751;0.94;1.28
1659311125;869170034050733;2.1;2.43
1659311128;869170034052879;3.82;3.88
1659311131;869170034044686;2.73;3.38
1659311132;869170033931073;3.73;4.3
1659311136;869170033930620;3.9;4.4
1659311137;869170033930471;2.73;3.47
1659311141;869170034045121;4.35;5.2
1659311142;869170033930547;1.1;1.33
1659311149;869170034063280;4.32;4.67
1659311152;869170034081928;9.24;11.31
1659311156;869170033935751;0.82;0.82
1659311164;869170034052879;3.46;3.73
1659311165;869170033930471;2.92;2.92
1659311166;869170034044686;2.28;3.49
1659311168;869170033930711;2.0;2.0
1659311168;869170034086034;5.18;5.65
1659311171;869170033930620;3.73;3.77
1659311175;869170033931073;4.28;4.45
1659311176;869170034045121;5.95;6.08
1659311177;869170033930547;0.72;0.72
1659311185;869170034050733;1.48;2.2
1659311191;869170033935751;1.23;1.23
1659311200;869170033930471;2.38;2.72
1659311204;869170034086034;6.03;6.13
1659311206;869170033930620;3.17;3.33
1659311206;869170034063280;4.53;5.0
1659311209;869170034081928;8.57;9.6
1659311217;869170034052879;3.58;4.5
1659311218;869170033931073;4.13;4.63
1659311220;869170034050733;1.53;1.53
1659311220;869170033930711;1.0;1.0
1659311220;869170034044686;2.31;2.9
1659311226;869170033935751;1.4;1.4
1659311233;869170034063280;4.67;4.73
1659311233;869170034045121;5.42;6.32
1659311235;869170033930471;2.6;2.67
1659311235;869170033930547;0.63;0.63
1659311236;869170034081928;7.55;8.15
1659311239;869170034086034;6.48;7.0
1659311241;869170033930620;3.15;3.52
1659311252;869170034044686;2.87;3.41
1659311252;869170034052879;4.33;4.46
1659311255;869170034050733;1.58;1.87
1659311260;869170034063280;4.0;4.15
1659311261;869170033935751;0.85;0.98
1659311261;869170033930547;0.54;0.54
1659311263;869170034081928;8.3;9.3
1659311268;869170034045121;5.38;5.7
1659311270;869170034086034;6.25;6.6
1659311276;869170033930620;2.97;3.23
1659311280;869170034044686;2.8;3.63
1659311286;869170033931073;3.77;4.25
1659311287;869170034052879;4.09;4.39
1659311288;869170033930547;0.63;0.83
1659311290;869170034050733;1.68;2.18
1659311293;869170034081928;8.57;9.63
1659311295;869170034063280;4.5;4.83
1659311296;869170033930471;3.1;3.23
1659311297;869170034086034;4.95;6.1
1659311303;869170034045121;5.8;6.13
1659311313;869170033930711;2.05;2.4
1659311315;869170033930547;0.8;0.9
1659311317;869170034044686;2.49;2.99
1659311321;869170033935751;1.02;1.23
1659311323;869170034052879;4.47;4.5
1659311325;869170034050733;1.92;2.38
1659311327;869170034081928;8.0;9.81
1659311330;869170034063280;4.22;4.53
1659311330;869170033931073;4.43;5.03
1659311331;869170033930471;2.15;2.47
1659311339;869170034045121;4.28;5.35
1659311339;869170033930620;2.93;3.65
1659311342;869170033930547;1.03;1.13
1659311350;869170034086034;5.23;5.75
1659311353;869170034044686;2.28;3.05
1659311356;869170033935751;0.98;1.62
1659311359;869170034052879;4.88;5.05
1659311366;869170033930471;2.18;2.75
1659311367;869170033931073;3.4;3.95
1659311374;869170034045121;4.98;5.9
1659311375;869170033930620;3.47;4.17
1659311384;869170034050733;1.53;1.53
1659311384;869170034081928;8.07;9.93
1659311385;869170034086034;5.95;6.13
1659311390;869170034063280;4.27;5.33
1659311391;869170033935751;1.07;1.77
1659311391;869170033930547;0.87;0.87
1659311401;869170033930471;1.95;2.14
1659311402;869170033931073;4.32;4.92
1659311403;869170033930711;1.78;1.78
1659311410;869170033930620;3.62;4.43
1659311413;869170034044686;3.12;3.9
1659311416;869170034052879;3.95;4.03
1659311418;869170033930547;0.83;1.27
1659311419;869170034050733;1.58;1.58
1659311419;869170034081928;7.08;7.78
1659311425;869170034063280;3.85;4.38
1659311426;869170033935751;1.28;1.57
1659311426;869170034086034;6.4;6.7
1659311433;869170034045121;5.33;5.83
1659311436;869170033930471;1.95;2.05
1659311437;869170033931073;3.95;4.2
1659311438;869170033930711;1.78;1.83
1659311445;869170033930620;3.97;4.4
1659311446;869170033930547;0.68;0.78
1659311450;869170034044686;5.09;6.41
1659311451;869170034052879;3.65;4.12
1659311454;869170034050733;1.65;1.8
1659311454;869170034081928;6.5;7.35
1659311460;869170034063280;3.67;3.97
1659311461;869170033935751;0.83;1.17
1659311462;869170034086034;6.26;6.31
1659311472;869170034045121;5.25;5.92
1659311480;869170033930620;3.33;3.8
1659311481;869170033930547;0.65;0.71
1659311487;869170034052879;4.02;4.8
1659311489;869170034050733;1.62;2.02
1659311489;869170034081928;7.48;8.08
1659311494;869170033931073;3.7;4.53
1659311495;869170034063280;3.79;4.15
1659311497;869170034086034;5.57;6.49
1659311498;869170033930471;2.23;2.67
1659311507;869170034045121;5.15;6.33
1659311508;869170033930711;1.69;2.34
1659311516;869170033930547;1.02;1.32
1659311520;869170034044686;2.67;2.75
1659311521;869170033935751;1.08;1.3
1659311523;869170034052879;4.04;4.04
1659311524;869170034050733;1.38;1.68
1659311527;869170034081928;6.97;8.28
1659311529;869170033931073;3.94;4.71
1659311530;869170034063280;3.83;4.27
1659311533;869170033930471;1.98;2.13
1659311542;869170033930620;3.38;3.9
1659311543;869170034045121;5.87;6.6
1659311553;869170034044686;4.5;5.45
1659311556;869170033935751;1.42;1.52
1659311556;869170034086034;6.15;6.83
1659311559;869170034052879;4.25;4.7
1659311563;869170033931073;3.95;4.35
1659311568;869170033930471;2.0;2.13
1659311573;869170033930547;0.52;0.82
1659311577;869170033930620;3.33;3.75
1659311578;869170034045121;5.35;6.7
1659311584;869170034050733;1.47;1.6
1659311587;869170034081928;6.29;6.91
1659311592;869170033935751;1.33;1.38
1659311593;869170034063280;5.1;5.1
1659311598;869170033931073;3.33;3.4
1659311600;869170034086034;6.88;7.23
1659311602;869170033930471;2.7;2.88
1659311608;869170033930547;0.38;0.38
1659311610;869170034044686;2.78;3.77
1659311612;869170033930620;2.82;3.51
1659311616;869170034052879;4.08;4.28
1659311619;869170034050733;1.68;1.88
1659311622;869170034081928;6.53;7.13
1659311628;869170033935751;0.97;1.05
1659311628;869170034063280;3.98;4.3
1659311629;869170033930471;2.2;2.33
1659311633;869170033931073;3.66;3.8
1659311636;869170034045121;5.21;6.15
1659311637;869170034086034;6.34;7.29
1659311639;869170033930711;1.38;1.38
1659311643;869170033930547;0.53;0.67
1659311647;869170033930620;3.47;3.77
1659311651;869170034044686;2.75;3.02
1659311651;869170034052879;3.92;4.11
1659311657;869170034081928;7.2;8.05
1659311660;869170034050733;2.03;2.17
1659311663;869170034063280;3.72;4.28
1659311671;869170033935751;1.07;1.22
1659311671;869170034045121;4.94;5.45
1659311672;869170034086034;5.9;6.55
1659311679;869170033930547;1.0;1.08
1659311679;869170033930471;1.68;1.72
1659311682;869170033930620;3.2;3.63
1659311687;869170034044686;2.26;3.6
1659311687;869170034052879;4.62;4.92
1659311688;869170033931073;3.78;4.88
1659311692;869170034081928;6.83;7.73
1659311694;869170034063280;3.9;4.3
1659311704;869170034050733;1.53;1.58
1659311706;869170034045121;5.52;6.42
1659311707;869170034086034;4.95;5.4
1659311714;869170033930547;0.68;0.68
1659311715;869170033930471;1.73;1.97
1659311721;869170034063280;3.82;4.02
1659311722;869170034044686;3.07;3.55
1659311722;869170033931073;3.17;3.73
1659311723;869170034052879;4.03;4.39
1659311727;869170034081928;6.95;8.48
1659311739;869170033935751;1.12;1.57
1659311742;869170034045121;5.52;6.87
1659311745;869170033930620;3.28;3.55
1659311746;869170033930711;1.25;1.4
1659311748;869170034050733;1.77;2.03
1659311750;869170033930471;2.27;2.7
1659311757;869170033931073;3.4;4.23
1659311759;869170034044686;4.5;5.41
1659311759;869170034052879;4.42;4.58
1659311765;869170034086034;5.13;5.23
1659311773;869170033930547;1.07;1.2
1659311778;869170034045121;5.63;6.32
1659311778;869170033935751;1.12;1.12
1659311779;869170034063280;3.93;4.4
1659311781;869170033930620;3.6;4.48
1659311785;869170033930471;2.48;2.48
1659311787;869170034081928;6.35;7.25
1659311792;869170033931073;3.73;4.03
1659311804;869170034086034;5.23;5.63
1659311808;869170033930547;0.62;0.73
1659311814;869170033935751;1.63;1.93
1659311814;869170034044686;2.86;3.62
1659311815;869170034063280;4.53;5.03
1659311816;869170033930620;2.83;2.97
1659311816;869170034050733;1.55;1.72
1659311819;869170034052879;4.18;4.72
1659311820;869170033930471;2.62;3.32
1659311822;869170034081928;5.85;6.98
1659311827;869170033931073;3.4;3.7
1659311835;869170034045121;4.9;5.7
1659311839;869170034086034;5.53;5.53
1659311844;869170033930547;0.43;0.87
1659311846;869170033930711;2.3;2.55
1659311849;869170034044686;5.27;7.23
1659311850;869170033935751;0.77;1.37
1659311850;869170034063280;4.25;5.47
1659311851;869170033930620;3.35;3.77
1659311854;869170034052879;4.35;4.69
1659311856;869170034081928;5.82;6.45
1659311860;869170034050733;1.55;1.55
1659311870;869170034045121;5.27;6.15
1659311873;869170033930547;0.82;1.32
1659311874;869170034086034;6.38;6.83
1659311881;869170033930471;2.04;2.04
1659311883;869170034044686;5.2;5.7
1659311883;869170033931073;3.53;3.95
1659311885;869170033935751;1.25;1.73
1659311885;869170034063280;4.06;4.63
1659311886;869170033930620;3.37;3.87
1659311890;869170034052879;4.55;4.77
1659311891;869170034081928;5.18;5.78
1659311900;869170033930547;0.73;0.93
1659311904;869170034050733;2.12;2.22
1659311906;869170034045121;5.18;5.48
1659311909;869170034086034;5.88;6.25
1659311916;869170033930471;1.94;2.29
1659311917;869170034044686;5.13;5.58
1659311918;869170033931073;3.75;3.92
1659311920;869170034063280;3.57;4.77
1659311926;869170034081928;4.88;5.15
1659311926;869170034052879;4.33;4.8
1659311941;869170034045121;6.04;6.37
1659311943;869170034050733;1.97;2.27
1659311943;869170033935751;1.08;1.38
1659311947;869170033930620;2.93;3.47
1659311949;869170033930547;0.87;0.87
1659311951;869170033930471;1.64;2.03
1659311952;869170033930711;1.58;1.76
1659311953;869170033931073;4.17;4.6
1659311957;869170034044686;5.05;6.2
1659311962;869170034052879;4.08;4.5
1659311972;869170034086034;4.73;5.93
1659311976;869170033930547;0.87;1.2
1659311978;869170034050733;1.27;1.8
1659311978;869170033935751;1.4;1.47
1659311982;869170033930620;3.5;3.83
1659311982;869170034063280;4.13;5.03
1659311984;869170034081928;5.44;5.95
1659311986;869170033930471;2.28;2.58
1659311988;869170033931073;3.7;4.57
